house_type,area_sqft,num_bedrooms,age_years,distance_to_city_km,crime_rate_index,price_usd
Apartment,1570.1,1.0,10.1,4.49,7.19,135500.0
Townhouse,2694.1,1.0,14.8,5.01,1.31,302600.0
Bungalow,1647.0,4.0,0.8,2.25,8.44,241800.0
Villa,,3.0,21.0,0.73,3.56,275500.0
Apartment,1868.7,2.0,20.2,14.82,5.01,208900.0
Apartment,1693.1,2.0,21.0,2.87,3.81,155600.0
Apartment,1668.0,3.0,39.0,9.39,3.42,190300.0
Townhouse,1742.7,1.0,36.5,11.64,4.88,166300.0
Bungalow,2322.6,4.0,,6.37,4.41,316000.0
Bungalow,1047.6,1.0,14.8,20.9,6.7,79600.0
Apartment,1689.5,2.0,17.0,5.87,8.32,182000.0
Townhouse,1129.4,3.0,14.4,3.35,3.67,121000.0
Bungalow,1722.2,,31.9,22.64,2.92,211100.0
Apartment,1132.5,,21.0,19.77,7.0,50000.0
Apartment,1333.1,2.0,22.9,1.79,7.03,112300.0
Apartment,1382.0,5.0,34.1,0.5,9.11,170600.0
Apartment,1890.3,3.0,32.2,0.94,1.14,276900.0
Villa,1867.4,,5.3,,8.68,265400.0
Villa,1001.7,3.0,28.6,35.85,5.69,100000.0
Apartment,,4.0,17.4,8.18,6.59,201700.0
Bungalow,1216.2,2.0,11.8,4.67,1.82,162700.0
Apartment,996.6,1.0,,21.96,4.89,50000.0
Apartment,1413.2,4.0,19.5,6.04,3.05,171200.0
Apartment,1376.6,3.0,14.2,3.79,3.29,196000.0
Villa,2470.7,3.0,10.1,28.34,5.54,310700.0
Bungalow,1673.2,1.0,27.8,18.94,8.31,170400.0
Apartment,949.0,2.0,30.8,18.56,7.69,50000.0
Villa,1274.1,3.0,,7.18,6.32,213300.0
Villa,1908.6,2.0,2.0,15.58,5.85,268900.0
Apartment,2335.4,,34.0,1.98,,255800.0
Bungalow,865.6,3.0,0.4,8.51,9.75,90800.0
Apartment,748.0,2.0,,41.26,6.04,50000.0
Apartment,2248.4,5.0,25.1,3.44,3.29,319200.0
Townhouse,1655.8,4.0,12.9,15.82,3.07,209700.0
Townhouse,1152.7,4.0,9.9,6.74,6.5,134700.0
Bungalow,1713.9,1.0,0.4,0.5,5.71,247500.0
Apartment,445.7,2.0,9.4,14.4,1.07,50000.0
Apartment,1501.4,3.0,5.5,,8.47,210600.0
Bungalow,1631.1,2.0,24.5,9.98,7.34,210800.0
Villa,1869.7,5.0,6.7,0.9,6.96,315900.0
Apartment,1094.4,,21.1,29.35,1.62,50000.0
Villa,1534.3,3.0,23.6,3.45,4.26,249900.0
Apartment,,3.0,11.9,2.57,9.42,100400.0
Townhouse,1602.2,3.0,1.4,1.38,8.76,203900.0
Apartment,1141.9,2.0,1.5,29.19,3.57,50000.0
Bungalow,1336.8,3.0,1.1,12.44,2.41,219400.0
Apartment,1101.7,2.0,29.6,13.53,5.04,114700.0
Villa,1760.5,4.0,12.7,,4.2,307200.0
Villa,1843.4,1.0,31.9,6.44,7.14,291500.0
Apartment,1406.2,5.0,17.3,1.17,9.7,212500.0
Townhouse,1515.3,4.0,18.1,8.21,4.27,182100.0
Bungalow,920.6,,20.5,2.84,1.56,95300.0
Townhouse,1380.1,4.0,28.5,37.79,9.08,57300.0
Townhouse,1479.9,1.0,,15.92,1.34,121100.0
Villa,,5.0,4.9,5.33,9.57,408200.0
Townhouse,1055.2,3.0,22.2,1.64,6.98,129500.0
Apartment,2085.7,2.0,13.1,15.39,9.48,180900.0
Apartment,1898.7,3.0,17.7,1.3,,249400.0
Apartment,1612.3,1.0,,2.1,1.37,149500.0
Apartment,2203.4,5.0,19.8,2.38,5.39,299000.0
Apartment,1648.8,1.0,24.8,8.14,5.06,137000.0
Apartment,1655.7,3.0,21.8,15.47,3.98,164500.0
Bungalow,1478.8,3.0,29.6,3.77,9.62,197000.0
Apartment,1989.4,,28.2,0.88,8.4,228900.0
Apartment,1938.6,2.0,21.4,6.25,6.95,189800.0
Villa,1249.7,3.0,27.2,13.79,2.47,207700.0
Apartment,972.3,,34.9,2.51,7.61,86000.0
Bungalow,1418.8,4.0,17.3,2.48,7.54,222000.0
Apartment,1180.0,1.0,16.5,29.42,4.83,50000.0
Townhouse,1474.6,2.0,30.6,30.82,9.32,50800.0
Bungalow,1995.0,,23.3,46.53,2.5,114000.0
Apartment,1317.1,4.0,2.8,16.48,3.41,165400.0
Apartment,1482.9,2.0,,2.08,1.57,157700.0
Bungalow,1523.2,3.0,1.2,2.38,8.16,216600.0
Bungalow,1839.4,2.0,29.9,4.16,6.6,256400.0
Bungalow,601.2,4.0,30.4,3.83,3.83,108600.0
Bungalow,1257.3,5.0,38.1,31.36,2.47,145100.0
Apartment,1584.5,3.0,2.2,15.56,1.36,205300.0
Apartment,1980.0,3.0,23.9,12.87,2.5,232600.0
Apartment,1303.2,2.0,17.1,2.06,5.08,141000.0
Townhouse,749.4,1.0,13.2,24.03,3.22,50000.0
Bungalow,1747.9,2.0,3.6,17.6,3.33,166100.0
Apartment,1245.9,3.0,22.5,1.79,8.88,116800.0
Apartment,1024.1,3.0,19.2,20.49,5.64,52200.0
Apartment,1250.3,5.0,4.2,3.18,7.56,218000.0
Apartment,,3.0,24.5,0.84,1.32,169800.0
Bungalow,1258.1,3.0,29.5,10.7,4.29,135400.0
Bungalow,617.8,3.0,30.7,10.61,5.31,50000.0
Townhouse,1858.8,3.0,36.2,,2.68,247400.0
Villa,2010.0,,16.4,,2.08,326000.0
Apartment,1760.6,3.0,38.1,49.36,,65600.0
Bungalow,1044.9,3.0,34.6,11.35,9.45,114700.0
Bungalow,1419.4,4.0,11.9,13.1,1.71,170600.0
Villa,1497.4,5.0,6.4,2.39,4.14,291600.0
Bungalow,1739.5,2.0,17.4,,9.62,236400.0
Villa,1767.3,1.0,,3.24,1.75,278200.0
Villa,1206.3,3.0,23.0,2.86,6.79,246300.0
Villa,1532.8,3.0,23.3,2.67,9.75,247300.0
Apartment,1682.9,2.0,30.0,2.14,9.8,142000.0
Apartment,2082.3,4.0,20.4,8.55,5.24,237000.0
Apartment,1781.8,5.0,4.2,3.98,2.46,235600.0
Bungalow,1815.6,5.0,34.3,17.17,2.82,221600.0
Apartment,1533.5,2.0,12.4,2.03,,159700.0
Villa,2064.2,,38.9,6.25,9.21,322900.0
Townhouse,1663.9,4.0,4.7,0.5,6.47,198100.0
Apartment,1155.6,3.0,38.3,6.57,7.9,102900.0
Villa,2061.3,3.0,3.6,0.57,7.66,326500.0
Bungalow,1779.2,4.0,9.2,38.04,6.96,134000.0
Apartment,1322.8,3.0,1.9,15.63,8.45,114700.0
Apartment,1308.2,3.0,28.2,6.74,7.17,118000.0
Apartment,1618.6,3.0,34.0,0.91,5.81,213900.0
Apartment,1685.3,3.0,17.4,8.98,3.13,212800.0
Townhouse,1578.9,2.0,37.1,14.22,7.69,151100.0
Bungalow,1624.5,5.0,23.6,2.12,5.26,240800.0
Bungalow,2180.0,3.0,25.2,8.4,3.65,255000.0
Townhouse,1928.6,3.0,33.8,16.83,8.22,177800.0
Bungalow,1576.3,1.0,11.9,14.62,7.27,142300.0
Apartment,1876.5,3.0,14.2,16.25,9.44,154400.0
Townhouse,1087.0,2.0,36.2,21.15,2.49,50000.0
Villa,1659.2,1.0,36.0,,6.84,164600.0
Bungalow,2223.7,3.0,39.1,5.2,,275800.0
Townhouse,1412.8,3.0,36.1,8.41,9.13,148500.0
Apartment,1160.9,3.0,5.1,15.64,1.9,130500.0
Apartment,1239.2,1.0,32.9,11.94,6.91,95800.0
Apartment,1064.1,3.0,16.4,50.0,8.12,50000.0
Villa,1186.1,2.0,39.6,0.5,4.19,222300.0
Bungalow,1351.8,5.0,,4.39,9.59,181700.0
Townhouse,,3.0,22.2,3.3,8.66,77500.0
Apartment,1506.2,3.0,21.2,3.04,3.65,172900.0
Villa,1860.9,,12.9,2.52,1.07,336400.0
Villa,1136.9,1.0,3.0,,3.67,170800.0
Apartment,2107.7,5.0,35.8,0.89,3.53,314500.0
Apartment,1704.3,2.0,32.1,13.53,9.01,142800.0
Apartment,1912.2,3.0,5.6,11.82,9.7,179500.0
Townhouse,1236.9,3.0,31.1,,1.63,185900.0
Apartment,1841.8,1.0,,2.91,5.24,192700.0
Villa,1063.2,,16.4,9.91,5.93,187300.0
Bungalow,1856.1,3.0,10.2,14.36,1.84,269400.0
Apartment,1568.7,2.0,34.4,20.91,4.4,115900.0
Townhouse,,1.0,28.0,19.11,,135200.0
Townhouse,1029.8,2.0,21.9,33.49,,50000.0
Apartment,1142.0,4.0,24.4,8.71,6.95,144500.0
Villa,1738.9,3.0,,23.93,7.33,241100.0
Apartment,1120.7,2.0,19.0,16.53,2.23,99100.0
Apartment,1685.3,1.0,7.7,22.51,8.32,92400.0
Apartment,953.1,3.0,8.3,0.5,7.11,132000.0
Bungalow,1839.3,3.0,26.5,33.79,9.0,153300.0
Villa,1007.0,3.0,36.5,6.42,5.04,174800.0
Apartment,1720.9,3.0,16.2,16.0,9.05,120900.0
Apartment,1750.3,2.0,8.3,1.36,8.79,198300.0
Townhouse,1221.3,3.0,25.9,5.04,4.95,112200.0
Apartment,1732.8,5.0,34.8,3.17,4.43,231300.0
Apartment,1604.2,2.0,,3.45,9.4,140700.0
Villa,1284.5,3.0,34.8,,,252400.0
Townhouse,1096.6,3.0,21.5,16.39,9.35,71400.0
Apartment,714.9,3.0,30.1,0.5,8.17,93700.0
Bungalow,1639.9,2.0,5.6,3.75,,196500.0
Bungalow,874.1,4.0,13.9,1.92,,184000.0
Apartment,1538.1,3.0,15.6,8.89,3.62,211800.0
Bungalow,,,20.5,2.93,9.72,153100.0
Apartment,1771.7,2.0,37.2,3.0,3.87,195400.0
Bungalow,1379.2,2.0,35.0,6.7,1.84,225500.0
Bungalow,1368.2,1.0,5.4,10.58,7.37,136600.0
Villa,1792.7,4.0,6.9,1.29,,318600.0
Apartment,1634.0,2.0,14.3,1.93,3.57,204600.0
Bungalow,1626.5,3.0,,,3.68,232000.0
Apartment,1687.7,3.0,24.6,36.4,5.22,61000.0
Apartment,885.8,3.0,36.1,5.06,1.2,125900.0
Apartment,1802.7,3.0,38.5,9.14,8.1,132200.0
Villa,1745.0,,26.1,2.76,3.85,289300.0
Bungalow,1093.3,2.0,33.5,6.74,8.68,133700.0
Apartment,1402.4,2.0,21.0,0.77,8.22,135500.0
Villa,1484.3,3.0,8.3,0.5,6.95,255800.0
Apartment,1446.2,3.0,21.0,6.32,3.92,181000.0
Bungalow,1633.5,2.0,22.2,5.09,5.65,180000.0
Apartment,2072.5,3.0,29.7,1.47,5.0,220000.0
Bungalow,1932.7,2.0,8.8,11.63,4.05,231900.0
Apartment,975.1,2.0,14.7,49.48,8.63,50000.0
Townhouse,1748.8,1.0,14.6,5.04,5.35,156200.0
Apartment,2031.6,4.0,38.4,9.8,8.49,224000.0
Apartment,1654.7,2.0,17.8,32.96,1.95,112300.0
Apartment,1936.4,2.0,30.2,17.81,2.27,167600.0
Townhouse,2304.9,2.0,,6.23,9.8,227900.0
Townhouse,,2.0,10.6,13.37,6.29,198000.0
Apartment,1599.7,3.0,22.9,1.37,5.59,212900.0
Bungalow,1918.0,1.0,35.8,7.18,5.71,197200.0
Bungalow,1558.0,2.0,19.0,3.27,,219000.0
Villa,1509.6,3.0,37.8,1.76,7.47,263400.0
Villa,1359.4,2.0,8.6,5.56,1.76,262700.0
Apartment,2125.4,4.0,3.0,1.4,6.16,275500.0
Apartment,1172.6,3.0,35.7,12.01,6.14,79000.0
Townhouse,2112.9,2.0,33.9,6.09,9.23,202200.0
Townhouse,1699.9,3.0,39.7,7.57,5.74,190300.0
Bungalow,940.3,2.0,27.2,1.58,2.23,171900.0
Apartment,1647.1,3.0,37.5,1.51,6.15,175100.0
Apartment,660.0,3.0,33.1,8.76,1.82,80200.0
Bungalow,1750.2,2.0,33.8,42.0,2.83,99200.0
Townhouse,1854.1,3.0,22.8,1.01,1.28,250200.0
Townhouse,1263.1,4.0,15.3,3.36,5.62,201700.0
Bungalow,1549.4,,37.4,20.36,1.76,209400.0
Bungalow,2281.7,3.0,17.3,0.75,5.22,282200.0
Apartment,1297.7,3.0,21.6,20.87,9.4,68300.0
Apartment,1076.4,2.0,17.8,7.43,7.48,113200.0
Townhouse,2092.7,2.0,22.6,5.25,1.7,250100.0
Bungalow,2285.0,3.0,,3.71,3.02,283600.0
Apartment,1501.5,3.0,1.9,3.53,7.06,159000.0
Apartment,1904.6,5.0,35.3,3.65,9.05,242800.0
Bungalow,,3.0,17.8,21.61,1.3,250400.0
Apartment,1203.0,,23.6,12.87,8.31,96100.0
Apartment,1305.9,3.0,5.6,11.08,,180900.0
Villa,1992.3,4.0,0.1,16.03,5.91,323800.0
Bungalow,2174.0,3.0,9.8,2.97,9.62,268700.0
Bungalow,1725.2,3.0,28.2,9.62,7.73,181800.0
Apartment,1148.1,2.0,4.0,6.16,8.65,83200.0
Bungalow,2294.8,4.0,36.4,15.25,4.19,281400.0
Apartment,1287.6,,,3.7,5.99,110400.0
Apartment,1365.9,4.0,8.2,10.31,,186200.0
Bungalow,1636.9,3.0,,21.39,3.89,207400.0
Bungalow,2121.7,3.0,0.6,5.14,6.13,292000.0
Bungalow,1841.6,3.0,30.9,0.69,3.13,232400.0
Bungalow,1665.9,3.0,35.0,,2.29,203000.0
Villa,,1.0,24.6,4.25,4.37,279800.0
Apartment,1517.4,4.0,7.5,11.15,7.65,153000.0
Apartment,1723.3,3.0,11.4,30.17,9.25,131000.0
Apartment,,2.0,19.0,6.65,5.12,50000.0
Apartment,1381.4,2.0,38.2,6.28,6.79,121700.0
Townhouse,1596.5,,9.9,,1.93,178000.0
Apartment,1039.6,3.0,29.3,1.09,9.14,103400.0
Townhouse,,3.0,17.6,2.92,6.12,205300.0
Bungalow,1418.2,3.0,11.9,25.13,8.02,142400.0
Bungalow,2202.2,3.0,18.2,11.08,8.15,236600.0
Villa,2129.2,5.0,2.8,0.5,3.31,389100.0
Villa,1313.7,3.0,31.9,2.29,,237700.0
Villa,1439.7,4.0,9.7,11.48,9.64,248200.0
Apartment,,,29.0,14.46,1.81,113200.0
Bungalow,1319.3,3.0,2.7,18.32,,112100.0
Apartment,1578.0,2.0,38.2,3.46,9.66,154700.0
Apartment,1196.7,3.0,,26.74,3.71,50000.0
Bungalow,1047.8,4.0,35.3,8.05,8.75,154600.0
Apartment,1749.1,1.0,32.4,11.93,9.4,122200.0
Townhouse,1751.8,1.0,38.7,9.08,7.72,116800.0
Townhouse,1178.3,4.0,19.1,1.31,3.08,166000.0
Townhouse,1858.1,2.0,29.1,33.0,,131000.0
Apartment,1247.4,3.0,14.8,1.31,1.32,157400.0
Apartment,1601.3,3.0,7.4,2.94,8.48,181100.0
Townhouse,1828.1,4.0,17.7,16.8,8.65,200300.0
Villa,1486.6,2.0,6.6,9.64,6.69,225400.0
Townhouse,1681.9,2.0,39.3,18.21,4.17,122100.0
Townhouse,1293.4,3.0,3.8,7.25,1.69,163800.0
Townhouse,1421.4,5.0,23.6,4.73,7.78,216800.0
Apartment,1417.7,3.0,25.1,25.49,7.54,119600.0
Apartment,,2.0,21.5,0.5,9.21,74700.0
Townhouse,1429.3,3.0,26.5,19.39,7.57,136600.0
Apartment,880.6,5.0,4.6,2.62,,131700.0
Apartment,1303.5,4.0,22.2,18.89,7.71,126300.0
Villa,1386.0,5.0,,1.5,6.68,273300.0
Townhouse,1397.5,,37.6,8.68,4.84,83100.0
Bungalow,1403.4,2.0,30.5,21.9,9.12,112700.0
Villa,1475.3,3.0,38.9,6.42,6.86,217100.0
Apartment,1691.8,4.0,1.5,13.73,4.59,165000.0
Bungalow,1849.8,2.0,11.4,16.33,1.75,183900.0
Townhouse,1240.1,2.0,,13.34,3.62,132400.0
Apartment,1018.7,4.0,0.4,25.95,5.89,73400.0
Villa,1083.2,1.0,9.7,5.92,3.48,204100.0
Townhouse,1305.1,3.0,27.2,1.9,2.99,183700.0
Bungalow,1359.2,3.0,9.2,0.5,5.75,190600.0
Bungalow,1192.0,3.0,20.4,,2.53,177800.0
Bungalow,981.6,4.0,35.5,1.55,8.2,132400.0
Apartment,1317.6,3.0,27.8,8.16,5.36,129100.0
Apartment,1572.6,3.0,15.8,2.05,6.16,165700.0
Bungalow,1738.0,3.0,14.9,0.5,2.33,263100.0
Bungalow,1277.0,3.0,18.2,0.5,3.92,213500.0
Townhouse,1334.8,3.0,7.1,17.81,4.69,113100.0
Townhouse,1129.3,,25.4,8.95,8.27,118500.0
Villa,1487.4,1.0,14.6,4.43,7.93,223400.0
Villa,1160.6,2.0,34.1,22.46,3.01,157600.0
Bungalow,1729.3,2.0,30.3,0.73,6.55,180000.0
Bungalow,785.7,3.0,24.4,39.28,3.19,50000.0
Bungalow,1356.1,4.0,14.6,9.58,9.89,170000.0
Bungalow,1620.4,4.0,8.4,2.03,9.57,241700.0
Townhouse,1573.5,4.0,31.0,11.37,6.07,161500.0
Apartment,2577.2,3.0,19.5,14.41,7.29,295500.0
Apartment,1639.9,3.0,9.0,5.61,8.21,192300.0
Apartment,1098.4,,7.8,19.78,7.49,55400.0
Villa,1461.8,2.0,6.6,1.63,7.3,248600.0
Apartment,789.5,1.0,31.1,3.27,9.63,85400.0
Villa,1467.8,3.0,9.2,,6.37,243300.0
Villa,1166.8,5.0,21.1,2.37,6.73,261000.0
Apartment,1866.2,2.0,18.1,2.73,8.64,185700.0
Villa,1280.2,1.0,23.2,24.97,7.03,148100.0
Apartment,1453.3,4.0,35.1,0.81,7.6,199400.0
Apartment,1245.8,,34.7,5.58,3.11,115200.0
Bungalow,2195.5,4.0,18.0,,4.34,316700.0
Apartment,1371.5,4.0,0.6,22.9,2.33,180700.0
Apartment,,5.0,17.1,50.0,5.55,153500.0
Villa,1825.7,3.0,24.2,14.0,5.1,285300.0
Bungalow,1692.8,3.0,22.3,35.33,9.97,99300.0
Apartment,,3.0,26.1,15.47,6.5,147600.0
Bungalow,1657.5,3.0,6.2,33.02,8.08,125900.0
Apartment,728.9,3.0,25.9,12.29,4.01,72500.0
Apartment,1388.4,2.0,7.3,0.83,8.48,170600.0
Villa,1838.1,3.0,30.0,,6.54,286800.0
Villa,1480.4,,13.6,10.4,7.27,266200.0
Bungalow,937.9,4.0,28.4,4.32,3.65,181400.0
Bungalow,1479.0,4.0,1.9,3.19,5.94,240100.0
Townhouse,2181.6,3.0,,8.61,6.71,235700.0
Villa,1998.8,2.0,28.2,27.11,6.3,217000.0
Apartment,1475.2,4.0,,0.5,9.24,167800.0
Bungalow,1880.6,3.0,31.8,14.66,,213500.0
Apartment,1353.4,,25.2,12.83,9.74,98100.0
Villa,818.5,,23.5,33.23,7.01,127300.0
Apartment,,1.0,14.1,26.69,9.75,50000.0
Apartment,2125.2,4.0,19.3,14.36,8.49,234800.0
Townhouse,1390.4,1.0,23.9,7.35,3.44,134400.0
Bungalow,,3.0,18.9,2.28,4.85,224300.0
Bungalow,1380.1,3.0,27.9,7.88,3.15,203300.0
Villa,2261.7,2.0,,14.5,1.04,353800.0
Apartment,2150.4,4.0,,22.6,2.69,254700.0
Apartment,2387.5,1.0,,15.59,1.04,239100.0
Apartment,1436.4,2.0,0.2,2.17,7.48,132700.0
Villa,1618.2,3.0,12.0,9.16,4.83,245300.0
Bungalow,893.3,,30.0,,3.81,103100.0
Bungalow,2090.8,5.0,31.8,0.5,,275400.0
Apartment,1032.9,4.0,8.1,2.23,8.49,130600.0
Townhouse,1586.7,3.0,38.4,1.2,9.78,162300.0
Bungalow,1061.1,3.0,20.1,18.5,6.78,96100.0
Villa,1264.5,1.0,36.7,2.99,5.15,208700.0
Bungalow,1165.1,2.0,28.3,3.35,3.75,144500.0
Villa,1256.8,3.0,28.9,32.17,3.0,130400.0
Apartment,1284.4,3.0,3.4,4.77,,160400.0
Apartment,1280.7,,8.8,0.5,4.68,146100.0
Bungalow,1833.3,4.0,0.4,3.34,9.93,244600.0
Apartment,1058.1,3.0,28.6,1.27,1.01,166700.0
Apartment,1588.2,1.0,13.8,1.08,2.77,169000.0
Apartment,1987.2,2.0,31.5,0.81,2.7,264900.0
Apartment,1294.7,4.0,13.6,9.0,7.45,170400.0
Townhouse,1212.8,4.0,32.8,2.1,4.17,154600.0
Bungalow,1407.8,4.0,5.2,4.48,5.12,190200.0
Villa,1971.9,2.0,6.9,19.81,2.34,273300.0
Apartment,1577.6,5.0,13.6,5.52,4.64,235500.0
Villa,1287.5,,16.3,24.73,1.93,164600.0
Villa,1693.6,1.0,13.9,6.89,5.8,265600.0
Apartment,1059.1,5.0,30.5,5.09,1.88,178200.0
Villa,1772.5,2.0,3.9,13.88,,231200.0
Apartment,1663.4,3.0,14.0,0.76,6.1,187400.0
Bungalow,1376.9,2.0,33.5,0.94,7.52,179800.0
Bungalow,1164.6,3.0,2.7,10.55,4.77,155700.0
Apartment,,5.0,37.7,6.67,4.43,132100.0
Apartment,,2.0,39.5,15.63,1.88,144500.0
Bungalow,1991.6,3.0,3.5,24.8,5.71,203600.0
Villa,1245.1,2.0,11.7,4.92,5.63,185000.0
Townhouse,1683.4,3.0,,9.07,5.21,206800.0
Bungalow,665.2,2.0,31.1,6.95,7.66,53200.0
Apartment,1266.2,,23.8,39.96,8.49,50000.0
Apartment,1487.6,2.0,25.8,17.78,7.76,100800.0
Bungalow,1136.1,2.0,30.3,24.27,2.29,74400.0
Apartment,1125.4,5.0,4.7,2.93,6.6,196300.0
Villa,1232.9,3.0,33.3,14.81,1.72,193300.0
Townhouse,1616.9,2.0,28.2,3.09,7.25,149700.0
Villa,1425.1,3.0,23.1,2.34,4.44,269800.0
Apartment,604.7,2.0,35.6,28.87,2.19,50000.0
Bungalow,651.7,4.0,28.0,0.5,8.76,92100.0
Villa,1257.3,5.0,8.1,33.64,6.53,185000.0
Villa,1683.1,3.0,17.2,1.62,4.19,275900.0
Townhouse,401.0,,19.8,17.12,1.28,50000.0
Apartment,1300.1,3.0,2.2,3.23,5.84,191400.0
Townhouse,1289.5,2.0,38.2,4.32,9.31,127000.0
Townhouse,2055.3,3.0,5.1,2.44,6.37,251000.0
Apartment,1346.0,3.0,27.9,8.81,9.74,117100.0
Apartment,1653.2,3.0,,4.28,2.23,211600.0
Apartment,1556.5,4.0,1.0,10.71,6.11,199200.0
Apartment,647.8,3.0,37.0,0.5,8.18,50000.0
Apartment,1807.3,,34.1,0.67,5.73,247200.0
Bungalow,1586.2,4.0,21.0,1.05,1.82,239300.0
Apartment,1703.3,3.0,9.2,5.43,6.25,189700.0
Apartment,3070.5,3.0,4.9,16.86,6.51,327600.0
Bungalow,666.4,2.0,14.5,21.91,7.56,50000.0
Apartment,2189.9,5.0,10.2,2.81,7.85,297600.0
Bungalow,1385.0,3.0,20.3,8.54,7.94,173400.0
Apartment,1614.9,1.0,38.7,14.63,6.97,77500.0
Apartment,1481.8,2.0,23.0,3.41,2.94,137200.0
Bungalow,1330.3,3.0,35.6,5.26,4.64,165100.0
Bungalow,1272.1,,26.0,7.42,7.99,157000.0
Townhouse,,,19.0,1.45,9.58,141600.0
Bungalow,893.1,3.0,34.2,0.5,1.71,142600.0
Bungalow,1800.2,2.0,18.9,1.66,5.82,217600.0
Apartment,1333.5,3.0,34.7,9.86,3.81,121800.0
Apartment,1048.0,2.0,,0.76,3.03,129100.0
Bungalow,1320.0,2.0,5.2,2.1,5.55,205300.0
Bungalow,2002.9,3.0,34.2,4.12,6.45,259200.0
Townhouse,,3.0,,0.81,1.09,164700.0
Villa,1643.4,2.0,35.6,2.13,8.02,306000.0
Apartment,1207.6,2.0,37.5,24.22,,50000.0
Bungalow,1803.2,3.0,2.1,0.5,9.69,228500.0
Apartment,1774.2,1.0,20.0,10.6,2.63,193800.0
Townhouse,2239.4,2.0,15.0,4.85,6.35,241900.0
Townhouse,1429.8,1.0,25.0,11.17,4.84,154500.0
Villa,1767.5,4.0,31.7,8.88,4.01,276200.0
Bungalow,1539.2,4.0,11.2,,6.09,255800.0
Bungalow,2018.3,4.0,22.3,18.79,8.04,226500.0
Apartment,1212.5,4.0,28.3,6.77,1.21,182000.0
Townhouse,1798.0,3.0,5.4,17.29,9.72,205300.0
Villa,1422.1,3.0,32.6,5.21,8.29,207900.0
Bungalow,1474.3,3.0,,41.79,7.76,98900.0
Apartment,1536.7,1.0,38.0,14.72,7.84,66700.0
Townhouse,,3.0,13.6,33.8,4.5,90000.0
Apartment,,4.0,4.3,7.22,7.76,153500.0
Apartment,1585.9,3.0,20.3,6.42,4.48,188100.0
Townhouse,2131.2,3.0,3.4,14.08,9.09,221100.0
Apartment,1894.2,2.0,38.8,21.23,2.6,150500.0
Apartment,1847.7,,1.5,33.28,,144500.0
Townhouse,,3.0,30.1,3.92,5.96,164300.0
Townhouse,1144.3,,21.0,16.03,3.87,136600.0
Villa,1882.1,2.0,14.7,2.37,4.82,324000.0
Bungalow,1850.4,4.0,2.6,7.89,5.43,291800.0
Villa,2089.1,3.0,24.9,1.98,,322000.0
Apartment,1258.4,4.0,23.4,4.27,5.71,143200.0
Apartment,1408.2,3.0,,26.79,,113200.0
Bungalow,844.2,3.0,36.4,1.58,3.23,107600.0
Bungalow,1343.0,3.0,12.2,10.01,4.68,157700.0
Bungalow,1898.6,4.0,18.0,8.99,5.64,269300.0
Bungalow,1313.4,5.0,21.8,1.29,7.72,204500.0
Apartment,1756.2,1.0,4.0,3.94,2.09,169400.0
Villa,1423.8,,37.3,8.28,2.99,180600.0
Apartment,1629.6,5.0,15.0,2.07,4.42,230100.0
Villa,1040.9,3.0,3.2,16.13,4.24,205800.0
Villa,,3.0,15.5,35.81,4.53,198400.0
Townhouse,400.0,3.0,24.0,2.42,8.14,50000.0
Apartment,1425.2,1.0,20.5,2.07,3.92,184100.0
Apartment,847.8,4.0,27.8,6.07,5.52,95400.0
Apartment,1982.4,4.0,2.2,13.77,6.62,216200.0
Bungalow,1811.0,2.0,11.4,3.31,3.09,188000.0
Bungalow,1686.7,2.0,32.8,0.5,,195700.0
Apartment,2108.4,4.0,3.2,7.79,5.92,271400.0
Apartment,1120.4,1.0,34.2,31.37,5.02,50000.0
Bungalow,,4.0,3.7,4.96,8.29,277400.0
Apartment,1872.9,2.0,33.4,5.45,3.19,208200.0
Bungalow,,3.0,14.4,34.71,8.95,107500.0
Bungalow,1954.2,5.0,24.5,11.86,6.05,257700.0
Apartment,1057.5,3.0,6.1,12.7,6.48,50000.0
Apartment,1170.2,3.0,2.6,8.27,8.88,118700.0
Townhouse,1256.6,,8.6,36.73,8.36,63100.0
Apartment,1288.4,2.0,5.1,11.68,6.41,92400.0
Apartment,,2.0,12.5,22.54,7.78,50000.0
Bungalow,1989.2,5.0,20.6,12.02,,244600.0
Townhouse,1396.5,4.0,23.6,13.28,5.93,100800.0
Townhouse,1641.0,3.0,31.6,3.43,1.56,230100.0
Bungalow,1271.9,3.0,26.2,3.62,1.81,186400.0
Apartment,771.8,1.0,24.4,15.28,8.46,50000.0
Apartment,1608.0,1.0,16.5,3.52,1.54,190100.0
Bungalow,735.1,3.0,19.0,8.27,2.52,101700.0
Villa,1472.5,4.0,16.6,2.87,8.16,265500.0
Villa,952.7,3.0,33.7,16.98,1.01,178800.0
Townhouse,2294.9,4.0,9.2,1.17,,332500.0
Apartment,1864.5,1.0,0.2,17.69,6.26,157000.0
Villa,1542.3,3.0,,9.23,6.36,266000.0
Apartment,2005.5,2.0,8.1,2.07,,212500.0
Villa,1161.5,3.0,35.6,7.81,5.55,181000.0
Apartment,1717.4,1.0,34.4,3.32,5.58,160300.0
Apartment,1579.9,5.0,3.1,3.91,7.53,215300.0
Apartment,1605.6,2.0,4.3,4.33,5.49,151500.0
Bungalow,2008.9,5.0,19.8,0.65,6.48,271600.0
Bungalow,1793.0,3.0,24.4,,9.08,112600.0
Villa,1615.5,5.0,11.0,0.5,4.61,315300.0
Townhouse,838.0,,28.7,,4.47,77400.0
Apartment,1116.0,5.0,23.8,4.64,1.03,161800.0
Apartment,1450.9,1.0,,10.38,6.52,145800.0
Townhouse,1537.3,4.0,1.0,4.4,1.27,250900.0
Apartment,1047.9,5.0,30.0,11.2,5.54,95200.0
Townhouse,2464.7,2.0,8.6,13.07,8.24,238600.0
Apartment,2106.6,1.0,33.4,11.73,5.95,199100.0
Townhouse,1740.8,3.0,16.8,1.21,3.43,240200.0
Apartment,1528.8,,23.1,10.7,8.08,171700.0
Townhouse,,3.0,34.9,3.28,3.43,151000.0
Villa,1119.2,3.0,,0.5,7.6,196500.0
Townhouse,1531.0,2.0,14.9,5.36,6.49,153900.0
Apartment,,1.0,8.4,5.68,,171600.0
Villa,1003.3,4.0,31.0,6.3,9.15,223500.0
Townhouse,1633.7,1.0,17.3,12.2,2.81,140800.0
Villa,1437.9,3.0,7.7,3.69,9.91,222500.0
Bungalow,736.9,5.0,,3.79,,147500.0
Bungalow,,2.0,7.9,0.62,3.37,190000.0
Villa,1334.6,3.0,1.0,11.61,2.8,209700.0
Bungalow,2255.1,1.0,0.8,8.39,1.13,304600.0
Villa,1722.6,3.0,24.9,4.3,7.59,272600.0
Townhouse,,2.0,26.5,12.21,7.24,52400.0
Apartment,1694.4,4.0,12.4,7.71,8.13,159500.0
Apartment,881.1,2.0,12.8,6.33,3.31,101200.0
Townhouse,1933.1,3.0,13.6,7.16,5.0,225300.0
Townhouse,1311.6,3.0,27.2,10.12,6.93,134100.0
Villa,1462.5,2.0,2.3,10.79,4.96,214100.0
Bungalow,2030.3,,37.2,3.41,7.28,259300.0
Apartment,985.1,2.0,8.9,1.52,6.71,92600.0
Apartment,941.2,3.0,40.0,1.7,2.03,112700.0
Villa,1266.6,2.0,6.9,10.2,8.03,182400.0
Apartment,1915.4,3.0,30.9,20.63,7.49,126900.0
Villa,,2.0,8.9,5.27,6.9,223800.0
Apartment,400.0,3.0,3.2,1.86,2.4,50000.0
Townhouse,1319.5,2.0,35.0,14.13,3.41,118400.0
Townhouse,1720.7,4.0,34.4,17.87,4.54,142100.0
Bungalow,1980.1,2.0,16.1,21.25,3.52,161800.0
Villa,1314.7,,,9.34,,245500.0
Apartment,1335.4,4.0,22.3,19.71,8.25,110500.0
Bungalow,1961.6,2.0,34.1,0.5,6.74,265100.0
Bungalow,752.1,3.0,12.6,1.13,6.09,129200.0
Apartment,1344.6,1.0,20.9,0.97,3.03,137900.0
Townhouse,1576.2,3.0,19.4,12.47,9.26,131000.0
Bungalow,1679.7,4.0,14.2,0.72,2.72,291400.0
Townhouse,1296.1,3.0,35.7,6.86,8.15,148100.0
Bungalow,1513.8,3.0,6.6,6.4,9.7,160400.0
Bungalow,504.7,2.0,6.0,3.72,7.54,67000.0
Villa,1236.7,3.0,23.1,20.43,9.94,163700.0
Townhouse,1681.4,2.0,26.3,1.87,6.86,178700.0
Townhouse,1107.1,4.0,7.8,4.35,2.96,179500.0
Apartment,1523.6,3.0,15.6,,2.83,170700.0
Apartment,1678.7,4.0,37.9,0.5,3.92,211500.0
Apartment,1363.0,2.0,9.9,11.18,1.06,135200.0
Bungalow,1568.2,2.0,26.7,16.95,7.14,175400.0
Townhouse,1114.9,2.0,29.6,26.92,,73200.0
Apartment,1417.4,1.0,17.9,20.9,8.34,71500.0
Villa,1744.1,,37.5,3.85,4.23,239500.0
Apartment,1562.8,4.0,29.5,8.83,5.32,181900.0
Townhouse,1265.4,4.0,18.3,0.8,9.69,175500.0
Bungalow,1589.7,3.0,22.8,,3.18,167600.0
Bungalow,1785.8,3.0,27.7,0.99,7.49,237600.0
Villa,680.0,1.0,23.7,3.79,7.8,113800.0
Villa,,4.0,35.1,20.81,2.99,279300.0
Apartment,1365.5,1.0,14.3,4.26,5.51,108700.0
Apartment,1670.2,5.0,12.0,,4.15,215100.0
Townhouse,1978.9,3.0,8.6,5.68,7.95,257200.0
Bungalow,951.3,2.0,1.5,6.14,6.6,109700.0
Townhouse,1216.2,5.0,1.7,34.92,5.28,113500.0
Townhouse,1384.6,1.0,34.8,3.51,8.01,105100.0
Villa,1186.5,3.0,27.1,9.87,3.12,226900.0
Bungalow,2194.0,3.0,26.4,5.45,7.78,267600.0
Townhouse,1157.3,2.0,24.6,0.63,8.79,126600.0
Bungalow,1277.8,3.0,34.0,6.72,8.91,145700.0
Apartment,1581.8,3.0,19.2,16.78,8.05,145500.0
Villa,1019.1,4.0,34.8,1.04,4.67,171700.0
Apartment,1341.7,1.0,14.4,0.72,9.84,88900.0
Townhouse,1627.0,5.0,37.1,1.67,,237300.0
Bungalow,1366.9,2.0,27.9,14.46,6.75,88800.0
Apartment,1462.6,2.0,10.3,12.87,2.45,131300.0
Bungalow,1288.3,2.0,22.6,8.32,9.82,128000.0
Bungalow,894.2,1.0,21.3,6.32,7.34,66800.0
Apartment,1628.6,2.0,5.5,21.92,7.78,102000.0
Apartment,2202.0,5.0,23.6,14.55,,272900.0
Bungalow,1507.4,,,16.71,7.87,163200.0
Villa,1590.1,2.0,2.1,16.78,7.97,198400.0
Bungalow,1777.1,2.0,37.9,10.29,7.05,173700.0
Villa,992.3,4.0,25.7,6.13,3.63,198700.0
Townhouse,2181.0,4.0,35.1,20.0,5.41,174100.0
Villa,1580.9,2.0,27.0,26.04,1.99,203000.0
Villa,2152.7,1.0,14.3,0.5,5.24,342400.0
Townhouse,1206.8,2.0,20.5,0.53,3.19,170500.0
Villa,2227.2,1.0,27.0,,4.14,219100.0
Apartment,1810.1,2.0,38.4,3.25,2.46,173400.0
Apartment,1721.2,3.0,10.1,20.66,3.07,162700.0
Bungalow,1593.6,2.0,35.0,4.92,1.69,218800.0
Bungalow,1400.6,3.0,37.0,1.27,9.28,176700.0
Bungalow,1980.2,2.0,26.8,0.84,,254400.0
Apartment,1556.1,5.0,37.3,1.7,4.57,232500.0
Apartment,713.2,5.0,15.9,2.88,5.82,95900.0
Apartment,1053.1,3.0,38.1,6.7,6.65,91200.0
Apartment,1425.7,3.0,28.1,12.09,9.3,151300.0
Villa,1624.0,3.0,1.7,,2.61,175700.0
Apartment,1477.4,3.0,36.3,5.83,3.66,136700.0
Villa,1987.6,4.0,19.4,7.3,9.78,294400.0
Townhouse,719.6,3.0,18.4,7.38,4.34,63900.0
Apartment,1557.4,4.0,22.7,7.75,1.2,204600.0
Villa,772.8,5.0,6.0,7.29,2.33,195600.0
Bungalow,,2.0,18.8,0.5,1.24,256000.0
Apartment,1462.2,3.0,33.2,0.5,9.91,138000.0
Bungalow,1667.8,1.0,0.6,1.03,3.51,175200.0
Townhouse,1154.4,2.0,10.9,,9.31,128800.0
Townhouse,,3.0,0.1,12.2,9.96,212900.0
Apartment,1916.7,2.0,16.6,2.29,6.4,219600.0
Townhouse,1733.4,4.0,29.1,22.51,1.3,167300.0
Villa,1448.2,2.0,32.0,26.4,,166100.0
Apartment,1731.9,3.0,37.8,37.25,5.33,98900.0
Villa,1217.2,3.0,24.3,27.98,,186700.0
Townhouse,,3.0,,3.17,6.46,225800.0
Villa,2159.8,3.0,37.0,7.13,4.95,333000.0
Apartment,1928.2,4.0,31.0,1.93,9.41,216000.0
Bungalow,1208.2,3.0,23.0,16.41,5.81,95100.0
Apartment,1644.6,3.0,27.8,21.93,7.24,143100.0
Apartment,982.7,1.0,37.0,19.06,9.07,50000.0
Apartment,,3.0,28.5,5.68,2.32,216100.0
Apartment,1680.2,4.0,14.7,14.22,3.07,185700.0
Apartment,752.1,3.0,28.5,1.03,1.97,112000.0
Apartment,1035.3,4.0,1.6,0.5,2.26,180800.0
Bungalow,1386.7,3.0,15.5,13.99,5.61,191600.0
Apartment,1379.7,2.0,16.3,5.54,3.89,165000.0
Apartment,1016.2,1.0,6.7,,4.81,50000.0
Townhouse,1655.6,2.0,0.9,1.02,9.84,159600.0
Villa,1600.6,3.0,5.3,19.35,2.41,249800.0
Bungalow,1422.3,4.0,26.2,6.54,,199600.0
Apartment,1197.7,2.0,32.1,17.55,1.89,101600.0
Apartment,1919.5,3.0,39.5,16.99,3.87,206200.0
Apartment,2162.2,,,24.77,5.75,188300.0
Apartment,1306.6,3.0,24.0,3.54,9.52,173100.0
Apartment,1255.1,2.0,37.5,29.92,4.52,50000.0
Apartment,,2.0,6.7,1.64,1.58,217400.0
Apartment,1356.8,2.0,28.7,0.86,4.49,132000.0
Apartment,1444.2,,30.2,5.65,2.31,98900.0
Villa,1795.9,2.0,,17.62,3.07,254500.0
Apartment,736.3,1.0,34.4,,,50000.0
Apartment,2027.3,3.0,32.5,17.68,1.61,199300.0
Villa,1529.1,2.0,1.3,13.08,5.18,233600.0
Bungalow,1335.4,5.0,,2.35,,242800.0
Apartment,1464.3,2.0,,29.74,4.8,56100.0
Bungalow,1485.0,2.0,,0.63,1.17,233100.0
Bungalow,807.5,3.0,20.4,22.86,9.87,50000.0
Apartment,2098.0,1.0,21.3,3.63,4.3,238600.0
Townhouse,1516.5,4.0,10.7,6.93,8.01,175200.0
Townhouse,1677.2,1.0,36.5,5.49,3.93,139200.0
Apartment,1880.6,5.0,14.7,1.89,5.28,232200.0
Apartment,1091.5,,1.8,4.43,4.5,123000.0
Bungalow,1689.4,,12.0,2.14,4.08,248500.0
Bungalow,1392.9,3.0,21.2,2.28,1.2,239400.0
Apartment,1838.7,3.0,,2.07,4.24,213000.0
Apartment,649.1,3.0,11.0,6.71,9.01,63800.0
Apartment,1460.4,3.0,5.3,15.99,7.21,100300.0
Villa,1258.9,1.0,32.8,8.42,2.31,198800.0
Bungalow,1672.9,1.0,39.8,22.37,6.32,136800.0
Apartment,1688.0,3.0,13.2,10.12,9.03,135500.0
Villa,1216.9,3.0,15.3,11.69,7.3,195000.0
Bungalow,,4.0,24.7,,2.34,185400.0
Apartment,1455.7,2.0,28.7,5.97,8.81,68500.0
Apartment,1141.3,4.0,15.7,11.69,3.71,155900.0
Bungalow,,2.0,36.2,,5.09,236900.0
Townhouse,1352.3,3.0,22.4,19.65,5.74,128500.0
Villa,400.0,2.0,18.0,15.04,8.65,61000.0
Villa,1350.1,3.0,25.9,2.81,9.38,193700.0
Apartment,1084.6,2.0,38.1,14.61,9.37,60500.0
Villa,847.5,3.0,31.8,0.5,1.07,203400.0
Villa,1005.0,4.0,,2.45,,215900.0
Apartment,1543.8,3.0,13.3,0.67,1.49,227400.0
Apartment,2031.5,3.0,18.8,15.15,3.39,225600.0
Apartment,1625.3,4.0,12.6,14.1,5.63,212300.0
Apartment,1257.4,4.0,28.0,16.8,5.32,118300.0
Apartment,1682.4,3.0,33.1,0.5,6.44,179300.0
Apartment,1316.4,2.0,29.3,6.96,5.32,117400.0
Apartment,1222.2,4.0,39.6,12.2,9.41,110900.0
Apartment,1038.3,3.0,10.9,1.69,3.16,156800.0
Townhouse,799.3,2.0,,10.49,3.47,50000.0
Villa,1344.0,2.0,30.7,0.88,9.29,216300.0
Bungalow,1563.2,4.0,14.5,2.0,1.69,279800.0
Bungalow,1461.4,1.0,29.4,6.46,6.49,145500.0
Villa,1333.6,5.0,4.2,10.6,7.14,271200.0
Apartment,1121.7,2.0,31.6,1.58,5.55,121700.0
Villa,1743.3,4.0,21.3,,7.25,322500.0
Villa,973.1,3.0,11.7,2.29,2.55,202700.0
Bungalow,1810.4,,26.2,,8.67,210200.0
Villa,1099.1,4.0,25.7,,2.26,242700.0
Apartment,1199.0,3.0,8.4,5.03,4.61,110500.0
Apartment,913.3,3.0,1.2,10.61,,100100.0
Apartment,1299.4,1.0,17.3,5.76,5.91,116400.0
Bungalow,1890.1,1.0,22.8,14.96,7.03,213100.0
Villa,1706.3,2.0,35.1,12.7,9.47,229300.0
Apartment,1891.4,3.0,37.1,1.35,7.65,221300.0
Townhouse,1708.9,2.0,21.2,0.5,5.87,222800.0
Bungalow,1058.5,2.0,30.2,21.03,9.39,50000.0
Apartment,1367.7,3.0,17.6,0.83,5.31,163300.0
Apartment,1187.9,3.0,29.8,1.61,6.05,182100.0
Apartment,2032.2,4.0,8.2,0.5,6.36,261200.0
Apartment,,2.0,14.8,9.9,4.69,109000.0
Apartment,1857.5,1.0,25.4,8.73,8.55,174100.0
Apartment,1857.2,5.0,,43.35,2.67,117200.0
Apartment,2231.8,2.0,28.9,21.8,5.99,190200.0
Apartment,1336.1,4.0,33.4,5.29,7.5,150700.0
Townhouse,1784.9,4.0,16.0,4.65,9.14,222300.0
Apartment,2412.7,4.0,17.9,3.52,8.96,269100.0
Villa,1252.9,2.0,34.1,1.65,5.58,193700.0
Villa,886.0,4.0,31.0,1.49,6.79,189700.0
Townhouse,748.0,4.0,11.5,1.42,4.55,119600.0
Apartment,1785.1,3.0,13.0,1.21,5.21,241900.0
Apartment,746.7,2.0,27.2,2.75,9.16,87500.0
Townhouse,1351.1,2.0,22.5,3.66,,160300.0
Townhouse,1674.9,2.0,6.5,32.59,9.06,110900.0
Bungalow,1574.1,3.0,12.4,8.64,2.25,192700.0
Apartment,1670.2,3.0,36.0,43.9,8.65,50000.0
Apartment,1588.9,3.0,27.5,,9.54,164000.0
Bungalow,,3.0,39.4,6.12,4.25,238700.0
Townhouse,1119.1,3.0,30.7,3.92,5.67,141000.0
Villa,1229.2,3.0,37.7,2.02,8.01,230000.0
Villa,,5.0,8.6,1.55,6.06,275400.0
Apartment,1832.1,2.0,30.9,29.02,9.94,118100.0
Bungalow,1860.2,,0.8,43.28,5.1,119500.0
Apartment,1680.5,2.0,,0.5,7.43,195700.0
Apartment,1973.4,3.0,18.8,1.63,8.13,211100.0
Villa,1028.8,4.0,13.9,5.51,5.45,199400.0
Villa,2166.9,5.0,34.5,2.06,8.71,367400.0
Apartment,2109.3,2.0,34.2,,5.92,243100.0
Apartment,1794.2,5.0,0.9,1.38,4.7,266700.0
Bungalow,2212.7,,24.4,6.1,1.97,262600.0
Apartment,837.4,3.0,,3.17,4.54,106700.0
Villa,1290.2,1.0,16.6,4.34,7.61,200800.0
Apartment,1205.9,4.0,33.3,0.99,9.29,115400.0
Villa,1788.6,3.0,12.4,5.59,3.27,278700.0
Villa,,,37.7,40.9,4.2,94700.0
Apartment,1803.0,4.0,7.2,3.99,2.39,242800.0
Apartment,2048.2,2.0,26.5,20.91,7.22,161200.0
Apartment,,1.0,26.9,18.53,9.64,124300.0
Apartment,,4.0,10.1,30.38,,116000.0
Townhouse,1104.9,2.0,13.0,15.61,6.55,94300.0
Apartment,1161.3,2.0,33.4,10.78,5.98,83500.0
Bungalow,1999.8,3.0,30.5,,1.8,260700.0
Apartment,1811.7,3.0,13.2,0.79,7.57,214800.0
Bungalow,1484.4,1.0,,6.21,6.42,204900.0
Bungalow,1332.8,2.0,2.5,45.33,6.95,51900.0
Villa,689.7,1.0,8.3,14.68,9.09,88900.0
Villa,1071.7,3.0,19.4,32.72,8.06,95500.0
Villa,2264.6,4.0,,15.12,8.03,303700.0
Apartment,987.8,5.0,33.7,20.78,9.34,50000.0
Townhouse,1575.8,3.0,28.7,12.26,9.91,125700.0
Bungalow,1903.0,2.0,37.7,14.29,6.23,199600.0
Townhouse,998.0,5.0,27.7,7.41,1.98,140200.0
Apartment,1573.9,3.0,37.6,25.8,5.13,110900.0
Bungalow,1875.2,2.0,22.2,17.43,,204900.0
Townhouse,1505.0,,24.0,18.57,1.25,181100.0
Apartment,2647.4,4.0,39.1,11.18,1.51,350100.0
Apartment,832.6,4.0,25.7,3.63,1.6,96300.0
Bungalow,1923.5,4.0,1.2,0.5,7.58,275400.0
Villa,1430.9,2.0,29.0,27.43,5.51,152100.0
Bungalow,1808.8,2.0,36.2,8.82,4.32,223900.0
Apartment,1676.5,3.0,31.8,3.54,1.95,157100.0
Bungalow,1206.7,2.0,23.4,1.62,,119000.0
Apartment,1591.6,3.0,26.9,17.69,3.89,141800.0
Apartment,756.8,4.0,39.6,18.11,3.39,84200.0
Apartment,,4.0,3.6,,6.87,183600.0
Bungalow,1619.3,3.0,26.7,10.36,6.03,163700.0
Bungalow,1755.5,4.0,11.3,4.56,4.26,230300.0
Villa,1923.2,4.0,25.6,3.63,6.77,353500.0
Apartment,1647.0,3.0,24.3,0.5,3.44,192800.0
Townhouse,,2.0,6.1,17.93,8.15,108800.0
Apartment,1147.6,2.0,8.3,0.91,,168100.0
Bungalow,1215.1,2.0,24.9,9.96,2.43,164000.0
Villa,1974.7,2.0,5.1,7.01,8.04,316700.0
Apartment,2074.5,2.0,10.6,7.48,7.37,192700.0
Villa,1404.8,2.0,33.4,26.13,2.64,142400.0
Apartment,1518.4,3.0,13.1,0.5,2.05,203600.0
Bungalow,1138.2,5.0,19.5,14.85,8.55,149800.0
Villa,,2.0,37.6,0.53,7.99,301200.0
Apartment,1766.2,4.0,9.1,0.5,3.95,269700.0
Townhouse,2276.5,3.0,15.6,5.62,6.92,231200.0
Apartment,1148.7,1.0,24.3,0.65,2.12,137500.0
Villa,1348.8,5.0,30.2,15.57,5.56,210900.0
Townhouse,1592.6,3.0,,7.54,1.17,207900.0
Bungalow,1758.6,3.0,36.6,0.5,4.52,228700.0
Apartment,1413.7,4.0,31.1,0.5,1.67,179600.0
Townhouse,1150.8,2.0,9.1,9.48,5.28,101800.0
Bungalow,1852.6,3.0,1.0,16.4,,189500.0
Apartment,1788.5,1.0,15.4,5.76,5.0,175400.0
Apartment,1133.5,4.0,5.7,8.09,1.41,137800.0
Bungalow,,3.0,28.4,16.09,4.25,246300.0
Bungalow,1968.1,3.0,26.4,9.43,7.81,241200.0
Villa,1553.7,2.0,1.8,2.55,4.32,304400.0
Townhouse,1531.8,3.0,33.5,9.49,7.44,161200.0
Bungalow,1721.6,4.0,9.9,9.9,4.33,245000.0
Apartment,1155.3,3.0,17.3,13.25,4.81,134000.0
Apartment,1512.0,3.0,26.7,9.7,6.08,137100.0
Apartment,639.0,3.0,17.2,34.82,9.56,50000.0
Bungalow,1850.6,4.0,17.7,2.2,1.98,282700.0
Apartment,875.4,,2.6,30.18,1.3,50000.0
Villa,2101.4,4.0,16.1,7.73,,384100.0
Bungalow,1368.0,4.0,30.6,11.15,9.54,186400.0
Townhouse,1415.3,3.0,36.6,1.05,9.91,197000.0
Apartment,1248.9,2.0,16.5,4.79,5.36,127100.0
Bungalow,1384.8,3.0,16.9,14.67,5.21,168900.0
Apartment,2067.4,4.0,28.1,12.27,,210800.0
Bungalow,504.9,2.0,37.7,0.5,6.0,83900.0
Apartment,2010.8,3.0,10.7,,6.71,196100.0
Apartment,1635.2,4.0,,0.92,8.87,148300.0
Bungalow,1017.2,3.0,31.8,50.0,7.72,50000.0
Apartment,1069.9,3.0,24.4,22.76,5.47,50000.0
Apartment,2170.6,2.0,4.4,0.5,,285700.0
Bungalow,1121.8,2.0,25.1,19.57,6.76,122600.0
Bungalow,1038.7,4.0,7.5,25.19,5.1,76900.0
Bungalow,1954.9,1.0,20.4,4.36,5.12,251700.0
Bungalow,,2.0,21.2,12.71,1.15,211900.0
Villa,1124.8,,,5.84,2.57,198300.0
Apartment,1586.6,2.0,18.5,10.65,5.4,139800.0
Apartment,1089.7,5.0,11.2,4.16,8.4,132500.0
Apartment,1940.3,5.0,9.2,3.89,3.51,282500.0
Townhouse,1924.5,2.0,35.0,5.52,5.7,179500.0
Villa,1712.8,1.0,6.8,1.57,4.1,274000.0
Villa,1644.7,4.0,17.0,17.79,1.94,254000.0
Villa,2204.5,3.0,7.5,4.29,9.62,343900.0
Townhouse,1499.9,2.0,30.9,5.11,8.69,140100.0
Apartment,1027.3,4.0,19.0,22.45,1.71,78900.0
Villa,1679.8,1.0,14.0,6.86,7.48,234800.0
Villa,2334.4,4.0,14.4,7.86,4.13,413500.0
Bungalow,1094.1,2.0,34.1,31.35,9.95,50000.0
Apartment,1355.4,,22.2,21.78,3.72,70500.0
Townhouse,1666.6,,,1.86,3.15,209100.0
Townhouse,1478.4,5.0,35.9,6.41,6.11,187900.0
Villa,1107.1,3.0,36.1,35.51,8.52,70900.0
Bungalow,1948.7,4.0,13.1,4.66,2.73,327000.0
Townhouse,2428.0,3.0,38.1,4.65,7.38,266800.0
Bungalow,1578.5,2.0,1.0,2.17,1.55,218700.0
Apartment,1138.4,2.0,15.1,,9.27,111500.0
Villa,,3.0,35.8,,1.73,200000.0
Bungalow,1603.2,,11.0,,,137300.0
Villa,1941.6,3.0,10.9,34.74,5.42,232200.0
Bungalow,1690.1,2.0,12.1,14.85,5.03,223800.0
Townhouse,,5.0,24.5,2.79,9.76,197800.0
Townhouse,1264.3,2.0,17.5,0.5,9.91,107100.0
Villa,1063.1,5.0,29.1,42.29,6.85,101400.0
Apartment,1833.9,1.0,35.8,4.16,2.14,190300.0
Townhouse,1865.5,3.0,27.0,3.74,5.56,248500.0
Bungalow,881.7,2.0,8.2,23.64,5.76,51000.0
Apartment,2135.9,3.0,37.3,8.8,5.63,240300.0
Townhouse,1729.6,3.0,10.6,2.42,6.13,186800.0
Townhouse,2059.8,3.0,6.0,21.99,1.17,189700.0
Villa,963.1,3.0,3.6,50.0,7.4,50000.0
Villa,953.7,4.0,22.5,0.91,7.41,239600.0
Apartment,1440.4,3.0,4.6,19.82,2.04,139300.0
Apartment,1701.1,4.0,5.6,4.95,6.13,217800.0
Apartment,2218.5,2.0,12.0,7.42,,239000.0
Bungalow,1782.4,3.0,11.3,24.63,7.14,193000.0
Apartment,1402.9,3.0,24.2,36.26,1.77,63200.0
Apartment,1089.5,3.0,32.7,3.04,,127500.0
Apartment,1992.0,3.0,30.5,2.39,3.53,220900.0
Villa,1114.1,2.0,10.5,,5.56,253300.0
Townhouse,2151.4,2.0,9.8,8.25,7.96,210700.0
Apartment,1386.2,2.0,38.6,0.5,7.35,118500.0
Apartment,,2.0,0.3,5.31,2.07,263000.0
Bungalow,1771.6,3.0,35.2,0.76,6.32,234000.0
Villa,,3.0,8.0,5.2,9.72,246500.0
Apartment,1292.2,5.0,37.9,0.5,2.41,194500.0
Villa,1363.6,4.0,,18.03,8.68,186200.0
Apartment,,1.0,17.6,2.35,7.32,192700.0
Apartment,1530.9,4.0,28.3,3.98,7.97,193600.0
Villa,1262.5,,23.5,20.41,3.54,231500.0
Villa,1433.7,3.0,12.7,13.71,3.59,224600.0
Townhouse,1531.4,3.0,22.2,2.47,9.15,182000.0
Apartment,648.5,5.0,29.2,0.75,,113000.0
Villa,1683.3,3.0,1.7,12.58,1.57,304700.0
Bungalow,1108.1,5.0,0.4,4.95,6.41,210500.0
Apartment,1038.7,1.0,18.3,14.53,2.12,72300.0
Bungalow,825.1,2.0,5.3,5.89,8.17,65700.0
Apartment,782.4,3.0,26.6,4.25,6.78,111300.0
Townhouse,957.8,3.0,8.6,6.0,8.87,113300.0
Apartment,1216.4,4.0,17.3,13.81,8.06,101500.0
Villa,2281.3,5.0,7.9,23.25,2.01,355100.0
Apartment,1289.6,3.0,21.9,0.51,4.43,129300.0
Townhouse,1571.1,1.0,4.6,7.43,7.97,168200.0
Villa,1660.2,4.0,0.9,0.5,4.76,288800.0
Villa,1552.4,3.0,2.0,6.32,9.75,247900.0
Apartment,,2.0,38.2,21.65,7.62,86600.0
Bungalow,1021.9,3.0,5.7,4.49,1.14,187500.0
Apartment,2080.4,4.0,28.3,26.95,8.92,171100.0
Townhouse,2222.9,4.0,2.7,9.96,1.91,300600.0
Apartment,826.9,3.0,4.3,27.2,2.26,50000.0
Apartment,1090.4,2.0,,14.15,7.61,67100.0
Apartment,1388.1,5.0,18.6,1.09,8.78,185600.0
Villa,,,38.1,2.63,,204700.0
Villa,1702.4,3.0,37.8,5.01,3.6,247200.0
Apartment,1208.7,2.0,31.2,1.86,4.16,111900.0
Bungalow,2366.0,4.0,24.1,6.83,4.09,319900.0
Villa,,2.0,18.2,6.37,3.94,298200.0
Villa,1585.0,,14.2,31.29,3.19,183400.0
Villa,1910.8,3.0,,5.69,6.48,285900.0
Villa,1942.4,2.0,24.1,15.4,9.1,231200.0
Villa,,3.0,23.2,28.46,3.76,156000.0
Apartment,1173.5,2.0,9.3,20.95,2.68,76500.0
Apartment,1531.3,3.0,1.9,2.34,8.55,176700.0
Townhouse,1844.7,2.0,37.8,6.85,7.68,189100.0
Townhouse,,,12.5,4.27,,141500.0
Apartment,,2.0,17.7,5.11,2.49,69600.0
Apartment,1178.9,5.0,4.6,4.48,2.3,153600.0
Bungalow,1470.4,4.0,,17.51,,215600.0
Villa,1469.7,2.0,1.1,6.02,6.53,219000.0
Apartment,2289.0,4.0,,7.42,5.32,254100.0
Apartment,945.6,3.0,5.6,40.43,6.39,50000.0
Bungalow,1702.2,5.0,35.5,0.62,2.62,276400.0
Bungalow,2095.6,3.0,29.2,6.69,5.32,270900.0
Apartment,2408.6,3.0,6.6,14.87,6.92,239600.0
Apartment,1338.2,1.0,22.6,1.64,4.89,134600.0
Apartment,1696.6,3.0,12.5,9.46,,176700.0
Bungalow,1727.9,5.0,7.1,2.74,5.06,264100.0
Apartment,1578.2,3.0,34.4,20.2,4.0,135500.0
Apartment,1460.5,2.0,16.1,,,181500.0
Bungalow,1674.4,2.0,15.9,3.99,4.7,211800.0
Apartment,487.1,4.0,6.8,9.12,1.21,72500.0
Bungalow,1772.8,3.0,,2.03,7.02,257300.0
Apartment,1550.5,3.0,,3.35,8.61,178300.0
Apartment,1411.0,5.0,14.5,5.39,4.19,225800.0
Apartment,2318.7,1.0,38.1,4.36,1.41,210300.0
Bungalow,1230.0,2.0,,7.44,9.88,134900.0
Townhouse,1338.8,5.0,5.8,9.15,3.37,203900.0
Bungalow,2296.6,2.0,7.1,8.36,,270700.0
Apartment,1167.2,2.0,34.5,10.62,4.33,98700.0
Bungalow,1280.0,3.0,15.7,3.68,7.65,190100.0
Apartment,1441.2,4.0,0.2,1.35,3.65,187600.0
Apartment,1836.3,2.0,11.0,14.3,,176100.0
Townhouse,1583.1,5.0,23.9,19.02,,194400.0
Apartment,982.9,4.0,32.0,2.97,2.06,113400.0
Apartment,,2.0,5.3,5.23,3.97,137400.0
Apartment,1257.1,4.0,4.4,6.9,7.52,153900.0
Apartment,1469.1,3.0,36.9,7.62,6.51,128000.0
Apartment,,3.0,30.0,10.77,2.08,162200.0
Villa,1667.3,4.0,23.6,0.5,2.47,314200.0
Villa,789.6,5.0,30.8,12.78,6.77,185000.0
Townhouse,1925.6,2.0,17.2,0.64,8.32,230100.0
Bungalow,1601.0,3.0,30.3,6.32,4.15,189200.0
Apartment,2053.8,3.0,14.9,17.58,6.36,208900.0
Apartment,1677.7,3.0,9.8,6.0,2.54,186500.0
Apartment,1940.5,3.0,29.2,1.61,3.8,201000.0
Villa,1686.6,1.0,16.8,42.02,1.18,150900.0
Apartment,2038.5,3.0,39.3,22.01,7.91,184800.0
Bungalow,1708.9,3.0,14.0,14.75,4.61,213500.0
Villa,1460.8,2.0,36.9,5.3,8.35,217500.0
Villa,2409.0,4.0,,,7.38,366500.0
Villa,1855.6,4.0,9.7,28.37,8.46,231100.0
Apartment,1729.5,3.0,31.9,7.6,,191700.0
Townhouse,989.5,2.0,17.3,19.13,2.67,50700.0
Bungalow,984.7,3.0,36.7,4.19,9.75,106300.0
Apartment,1617.1,2.0,18.0,4.08,7.46,158700.0
Townhouse,1558.2,2.0,29.8,42.36,8.51,50000.0
Villa,1254.4,4.0,18.7,7.38,1.12,237800.0
Townhouse,1556.4,1.0,9.1,1.52,4.19,184100.0
Bungalow,2135.5,1.0,8.0,2.48,7.69,249300.0
Villa,1778.2,1.0,17.0,6.58,1.7,267200.0
Apartment,1043.6,2.0,30.2,0.5,6.11,86000.0
Apartment,1455.4,1.0,24.2,,4.86,161000.0
Villa,1178.0,5.0,27.5,5.43,1.16,244900.0
Bungalow,1344.9,2.0,11.3,15.11,,153000.0
Apartment,1334.6,2.0,19.3,4.38,3.56,133400.0
Apartment,1308.9,2.0,1.8,40.48,2.01,50000.0
Bungalow,997.9,5.0,32.7,1.99,6.68,174900.0
Townhouse,1448.9,3.0,39.6,8.94,3.18,132100.0
Villa,1275.8,3.0,16.3,,3.5,253000.0
Apartment,400.0,4.0,0.4,13.24,9.08,50000.0
Apartment,2321.2,3.0,6.8,50.0,5.2,174600.0
Apartment,1935.5,2.0,26.1,17.1,4.53,167200.0
Townhouse,1349.5,2.0,24.5,8.11,7.51,126200.0
Apartment,1507.5,3.0,31.5,6.63,9.19,187700.0
Villa,1031.3,2.0,10.2,18.02,,192400.0
Apartment,2178.3,3.0,30.5,27.48,5.03,166200.0
Villa,2258.9,2.0,27.5,45.29,6.5,193100.0
Bungalow,1562.7,3.0,12.9,,3.87,234600.0
Bungalow,1909.4,1.0,21.8,47.01,7.95,60200.0
Apartment,1570.1,2.0,5.9,1.7,9.74,183200.0
Apartment,965.3,3.0,18.1,2.92,9.49,101800.0
Apartment,1335.3,5.0,35.2,0.93,,201600.0
Townhouse,1552.8,3.0,,3.17,,196100.0
Townhouse,1318.2,3.0,33.6,14.61,9.62,91500.0
Villa,1412.5,2.0,23.6,19.17,5.13,218900.0
Bungalow,1463.4,2.0,7.7,15.09,,160100.0
Bungalow,1467.6,1.0,23.2,9.97,7.36,131900.0
Apartment,1520.9,2.0,20.2,7.21,3.56,154900.0
Townhouse,1075.8,2.0,15.9,,3.41,104400.0
Villa,1213.2,2.0,4.8,4.96,8.91,182000.0
Apartment,986.2,4.0,16.7,18.41,2.46,83600.0
Villa,1891.1,1.0,2.9,11.31,1.58,267900.0
Apartment,657.7,3.0,,11.97,3.42,79200.0
Apartment,1961.4,3.0,16.6,7.68,6.46,195500.0
Bungalow,,3.0,12.2,21.65,,196900.0
Apartment,1379.1,3.0,37.0,2.9,5.24,113000.0
Bungalow,458.7,2.0,15.0,4.8,6.65,50000.0
Apartment,1355.5,,30.3,15.03,8.64,115100.0
Apartment,1474.3,4.0,21.2,6.79,,184000.0
Apartment,1095.8,4.0,28.2,22.0,8.36,78000.0
Apartment,,,10.4,4.25,3.11,155600.0
Bungalow,2112.1,1.0,37.7,4.61,7.09,228500.0
Apartment,1766.0,4.0,21.2,,4.88,164400.0
Villa,1130.2,2.0,33.3,6.24,2.03,223000.0
Villa,861.0,3.0,,7.26,7.43,172400.0
Bungalow,,3.0,4.0,4.05,,231300.0
Townhouse,1414.6,2.0,26.9,3.24,2.59,178600.0
Bungalow,,3.0,0.3,10.67,4.22,207400.0
Apartment,1285.9,3.0,19.0,1.28,6.88,138500.0
Apartment,1704.6,2.0,7.7,21.14,3.11,130300.0
Apartment,2274.1,3.0,25.1,15.11,2.65,263800.0
Villa,1826.2,4.0,39.2,2.12,1.09,320700.0
Apartment,1480.8,3.0,18.6,11.84,5.24,130900.0
Villa,1426.7,1.0,32.7,9.23,4.86,209100.0
Villa,1357.3,3.0,20.3,2.04,,257300.0
Apartment,1972.3,4.0,19.8,3.19,1.48,267200.0
Bungalow,1249.1,4.0,37.2,5.26,4.86,213900.0
Apartment,1518.1,3.0,35.6,12.01,8.09,149200.0
Apartment,1520.5,2.0,31.4,10.18,7.44,127000.0
Bungalow,1299.3,4.0,11.9,7.6,8.75,144000.0
Villa,951.0,3.0,21.8,14.63,1.09,170000.0
Bungalow,1629.2,1.0,9.0,14.19,9.7,158900.0
Villa,1475.6,3.0,17.8,9.62,4.07,224600.0
Apartment,1700.1,2.0,19.4,15.46,9.91,171100.0
Bungalow,1286.6,3.0,,,3.27,177700.0
Bungalow,1988.3,2.0,35.8,21.31,5.24,186800.0
Bungalow,1149.3,3.0,16.6,9.54,4.19,135900.0
Apartment,2184.8,5.0,0.7,17.28,,268100.0
Villa,800.9,4.0,34.5,7.9,8.58,137700.0
Apartment,1673.9,5.0,7.0,2.46,7.72,267400.0
Apartment,1690.2,,24.9,7.82,9.93,218500.0
Townhouse,1181.8,1.0,1.0,4.64,6.52,136000.0
Apartment,1669.8,3.0,16.0,11.96,5.17,143000.0
Townhouse,2011.8,3.0,39.4,6.46,1.81,244200.0
Villa,613.3,4.0,4.0,18.09,9.97,141600.0
Apartment,,2.0,16.9,11.33,5.96,169700.0
Villa,502.7,5.0,12.3,11.54,7.3,125300.0
Townhouse,1113.7,3.0,36.2,2.45,4.66,121600.0
Bungalow,2151.7,,34.8,41.51,,163500.0
Bungalow,1267.3,1.0,9.5,18.43,9.48,77000.0
Bungalow,,2.0,3.2,15.56,,145900.0
Bungalow,1420.8,4.0,25.1,4.01,3.63,173000.0
Bungalow,2327.2,1.0,13.5,7.67,2.37,288100.0
Apartment,767.3,4.0,26.9,1.47,,65800.0
Villa,1079.5,1.0,1.3,7.73,1.56,175200.0
Apartment,2099.0,3.0,5.3,1.58,1.73,232400.0
Townhouse,2243.1,3.0,,8.05,3.69,250500.0
Townhouse,1458.6,3.0,8.5,10.46,5.63,192100.0
Apartment,1004.4,3.0,34.3,4.95,4.66,110200.0
Bungalow,2338.3,2.0,2.3,6.9,1.4,279200.0
Townhouse,2137.8,2.0,,20.85,9.62,201500.0
Apartment,1771.6,1.0,39.9,,9.58,180500.0
Villa,1175.0,3.0,17.3,15.69,3.51,198300.0
Townhouse,1480.4,3.0,28.1,1.87,7.58,213400.0
Apartment,1435.9,,7.3,,6.21,208700.0
Bungalow,1632.3,3.0,24.4,2.05,3.14,243600.0
Apartment,2080.4,3.0,29.0,14.48,3.36,197200.0
Townhouse,1851.8,3.0,12.6,5.19,5.42,236200.0
Townhouse,1069.0,1.0,33.2,,4.77,50100.0
Townhouse,2050.6,2.0,24.1,7.44,3.62,237600.0
Villa,,5.0,15.6,0.5,8.27,294000.0
Townhouse,1774.8,4.0,22.3,12.61,5.33,205200.0
Bungalow,2086.6,2.0,23.1,1.17,6.89,241400.0
Apartment,,3.0,6.6,15.58,2.7,57900.0
Bungalow,1485.7,4.0,16.1,1.84,5.8,241500.0
Apartment,1287.4,3.0,13.7,4.24,3.86,124400.0
Villa,872.9,1.0,16.0,14.32,5.74,128000.0
Apartment,1638.7,1.0,30.4,30.84,8.03,68500.0
Apartment,2504.6,3.0,19.3,4.64,7.92,286800.0
Apartment,764.0,5.0,37.6,17.68,4.19,62400.0
Bungalow,1487.1,3.0,11.7,2.12,7.25,207700.0
Apartment,1756.2,1.0,16.6,,9.47,129600.0
Bungalow,1549.2,2.0,31.5,10.71,6.63,176200.0
Apartment,1454.7,4.0,21.8,2.14,,232600.0
Apartment,980.3,4.0,,3.6,7.12,122100.0
Villa,1593.1,3.0,2.1,1.41,1.94,304400.0
Bungalow,1197.3,3.0,15.9,4.83,8.85,132700.0
Apartment,624.0,1.0,10.8,,5.65,53800.0
Bungalow,1977.8,4.0,40.0,10.33,4.47,261800.0
Townhouse,1883.4,4.0,12.3,50.0,1.51,120000.0
Bungalow,1520.7,2.0,35.4,0.5,4.43,206500.0
Apartment,1591.6,,27.0,,9.13,161800.0
Apartment,1929.7,2.0,13.6,8.53,1.19,227800.0
Townhouse,1589.7,1.0,21.7,,5.27,118400.0
Apartment,1861.6,2.0,33.6,7.05,9.38,185900.0
Townhouse,1381.0,2.0,35.3,7.85,4.55,138700.0
Villa,2024.8,2.0,6.4,6.38,4.85,290400.0
Townhouse,,3.0,13.6,3.13,6.21,187100.0
Bungalow,1577.6,3.0,13.4,0.58,5.17,237100.0
Townhouse,992.0,3.0,1.7,5.25,2.52,186300.0
Apartment,1614.8,2.0,23.9,0.54,1.17,188700.0
Bungalow,1167.2,1.0,34.2,8.0,6.49,117100.0
Villa,1244.7,3.0,15.3,3.67,9.29,207400.0
Villa,1173.8,3.0,29.6,7.63,1.96,200800.0
Bungalow,1073.5,2.0,25.1,1.44,2.9,136800.0
Townhouse,2349.9,4.0,15.0,26.98,4.33,194600.0
Townhouse,,4.0,5.6,22.49,8.28,227600.0
Bungalow,2268.1,,28.4,2.11,3.42,273400.0
Villa,1010.8,3.0,34.2,4.21,8.94,175500.0
Villa,1528.5,2.0,27.4,9.51,1.49,221700.0
Bungalow,982.6,3.0,0.7,1.01,,124000.0
Apartment,1221.7,2.0,,4.38,6.05,152500.0
Apartment,,3.0,2.8,2.89,6.93,137200.0
Apartment,1995.8,1.0,22.8,24.71,4.31,122400.0
Apartment,1341.5,4.0,,19.14,8.04,94500.0
Apartment,1927.4,2.0,4.4,8.67,,197800.0
Apartment,1741.6,5.0,33.5,7.35,1.44,228600.0
Apartment,2421.5,4.0,22.2,26.7,4.56,234600.0
Apartment,908.2,3.0,27.6,26.95,8.68,52500.0
Townhouse,2003.7,4.0,38.9,34.84,7.79,107000.0
Villa,1958.6,3.0,3.3,1.34,5.65,331100.0
Apartment,1110.6,4.0,36.0,1.75,6.15,129100.0
Bungalow,1902.9,3.0,5.0,11.29,2.17,267200.0
Apartment,1634.5,4.0,15.7,7.8,8.57,187700.0
Townhouse,1409.0,3.0,34.1,0.5,8.08,175000.0
Bungalow,1170.4,5.0,36.3,0.64,6.91,194600.0
Apartment,1212.4,3.0,20.3,21.9,5.2,65200.0
Villa,2319.9,3.0,23.8,20.32,9.68,316000.0
Townhouse,1500.3,4.0,28.3,4.42,8.91,193000.0
Townhouse,1812.9,4.0,,22.17,6.8,185500.0
Villa,1183.6,3.0,4.9,9.01,4.35,245400.0
Bungalow,1188.1,2.0,32.4,16.39,6.56,109300.0
Apartment,1932.8,3.0,19.3,5.58,6.18,245400.0
Townhouse,960.2,5.0,18.0,1.2,4.55,167000.0
Apartment,1333.9,4.0,17.0,5.69,3.76,165100.0
Townhouse,1513.6,4.0,20.4,6.11,,194300.0
Bungalow,1544.5,1.0,37.8,8.01,6.17,152300.0
Bungalow,1428.4,3.0,21.9,1.12,4.85,192300.0
Villa,1658.3,3.0,38.1,47.56,,181400.0
Apartment,1777.1,4.0,7.2,2.8,7.85,225800.0
Apartment,1793.9,1.0,29.0,2.21,5.78,177900.0
Apartment,1105.7,4.0,32.5,7.48,1.61,145300.0
Apartment,1386.3,3.0,27.2,7.7,4.31,207000.0
Bungalow,1977.9,2.0,,5.79,8.96,199400.0
Apartment,1857.9,2.0,22.6,14.78,7.8,139200.0
Apartment,950.9,2.0,34.4,7.27,3.91,51800.0
Townhouse,1640.6,3.0,32.9,9.41,9.44,154800.0
Townhouse,708.7,1.0,4.9,12.86,1.69,57200.0
Townhouse,1518.8,2.0,33.9,0.5,9.65,145900.0
Townhouse,2259.1,4.0,16.6,8.45,3.21,273800.0
Apartment,1120.8,2.0,10.1,21.56,,83300.0
Apartment,1166.3,2.0,34.8,0.5,4.9,111400.0
Bungalow,1805.6,3.0,17.3,5.19,4.23,246700.0
Bungalow,882.9,3.0,32.3,26.07,,75500.0
Apartment,1246.9,4.0,10.5,4.36,,162200.0
Bungalow,1738.6,3.0,,6.14,8.58,238400.0
Apartment,1246.3,4.0,,39.92,4.61,73200.0
Apartment,1405.6,,4.0,2.22,4.87,181200.0
Villa,1797.7,2.0,30.2,0.67,2.33,296100.0
Villa,,2.0,11.0,19.62,1.43,224700.0
Villa,1606.7,3.0,17.7,20.28,,213200.0
Apartment,1364.4,3.0,3.5,6.39,1.58,161000.0
Townhouse,1648.0,4.0,11.5,7.22,7.6,214600.0
Apartment,1450.5,,31.3,18.07,5.85,122700.0
Apartment,1683.1,3.0,6.1,13.42,2.79,196400.0
Townhouse,1301.2,2.0,25.9,3.08,5.86,117300.0
Townhouse,,2.0,36.7,0.5,2.65,199400.0
Townhouse,1104.0,3.0,27.2,6.53,4.95,116000.0
Bungalow,1486.0,3.0,32.4,19.58,8.2,113600.0
Bungalow,1175.6,3.0,4.4,22.62,5.16,106600.0
Villa,1054.4,2.0,10.0,31.29,,178000.0
Apartment,1603.5,3.0,35.8,21.17,7.51,108200.0
Villa,1585.1,4.0,,8.68,2.68,272700.0
Apartment,1813.1,2.0,25.6,5.88,7.65,172700.0
Apartment,1327.5,3.0,26.6,14.91,5.31,112100.0
Bungalow,1663.2,5.0,16.6,13.46,,210000.0
Villa,1720.3,2.0,1.8,7.73,8.66,260600.0
Apartment,1677.9,3.0,31.4,0.91,7.38,209900.0
Apartment,1169.7,1.0,27.1,26.05,1.3,54700.0
Bungalow,1559.7,3.0,18.9,6.08,3.67,187600.0
Apartment,1645.7,1.0,36.0,4.52,8.84,128700.0
Townhouse,1502.9,5.0,13.4,9.93,1.16,203200.0
Villa,665.4,4.0,11.8,11.2,5.91,157800.0
Villa,1564.2,4.0,,2.37,7.55,299600.0
Villa,2385.0,4.0,31.9,18.14,6.6,326500.0
Bungalow,,3.0,20.6,3.42,7.84,174000.0
Apartment,1208.8,3.0,5.2,2.07,7.53,176700.0
Bungalow,1649.3,4.0,8.6,5.22,7.23,246600.0
Villa,1625.0,5.0,26.2,13.11,8.39,275500.0
Apartment,1977.1,3.0,15.4,33.66,6.81,175500.0
Townhouse,996.9,5.0,33.5,16.57,4.62,119500.0
Bungalow,,3.0,38.0,28.19,5.25,115800.0
Bungalow,1736.2,3.0,32.2,1.52,7.45,239500.0
Townhouse,1443.1,3.0,15.1,,8.89,141000.0
Townhouse,1635.5,2.0,31.5,8.16,3.45,181300.0
Bungalow,1911.8,1.0,14.1,3.43,4.08,196500.0
Bungalow,1848.9,2.0,6.7,17.61,9.38,168800.0
Bungalow,1042.8,3.0,1.3,11.15,6.21,123900.0
Bungalow,1828.1,3.0,15.4,35.31,2.61,144900.0
Bungalow,1474.1,3.0,36.1,2.94,6.97,180200.0
Bungalow,1529.1,5.0,9.6,6.65,9.92,234700.0
Apartment,1529.3,3.0,8.3,6.96,,145600.0
Townhouse,1439.9,3.0,38.8,2.73,7.71,170300.0
Townhouse,1976.7,2.0,1.0,8.92,2.87,209200.0
Apartment,1466.5,1.0,31.4,5.86,8.89,108400.0
Bungalow,1052.2,4.0,,5.92,5.73,165600.0
Apartment,1342.6,3.0,1.5,4.51,9.0,125900.0
Apartment,1571.5,4.0,36.7,0.5,3.97,176600.0
Bungalow,1991.7,2.0,5.6,7.38,1.56,267700.0
Apartment,1741.2,3.0,22.1,4.08,5.28,222000.0
Bungalow,1159.8,2.0,11.0,0.5,3.43,166900.0
Bungalow,2494.1,2.0,,3.68,7.44,298000.0
Villa,1605.9,1.0,2.0,3.27,9.61,241600.0
Apartment,2010.2,2.0,4.6,5.0,7.22,216200.0
Apartment,1439.3,2.0,2.9,1.41,8.98,156000.0
Bungalow,1713.3,2.0,30.4,7.09,5.08,148200.0
Townhouse,1835.8,5.0,19.4,11.79,7.94,197100.0
Bungalow,1987.3,2.0,13.7,9.95,8.59,200500.0
Apartment,1922.9,2.0,16.7,16.28,,167000.0
Bungalow,1848.9,2.0,37.2,6.01,,216700.0
Villa,1374.0,3.0,36.4,7.32,6.63,235900.0
Bungalow,1271.3,1.0,28.6,16.63,7.3,99300.0
Apartment,1633.0,4.0,35.4,5.58,3.28,172400.0
Bungalow,1873.3,5.0,12.8,12.09,8.29,272900.0
Villa,1410.9,2.0,15.2,5.7,9.55,241800.0
Townhouse,1926.1,3.0,24.5,5.41,5.19,201700.0
Apartment,2081.0,1.0,24.9,14.28,7.31,176800.0
Bungalow,,3.0,19.3,1.92,7.63,143200.0
Townhouse,1165.2,3.0,16.0,4.13,6.96,139400.0
Apartment,,2.0,39.4,2.54,5.92,163300.0
Townhouse,1623.0,2.0,32.8,4.45,8.93,201900.0
Bungalow,,3.0,17.4,2.62,5.04,198100.0
Apartment,2040.9,3.0,29.1,8.66,,239100.0
Apartment,1669.6,2.0,10.8,16.0,8.6,125800.0
Bungalow,1515.8,,4.0,15.45,7.07,173900.0
Apartment,925.6,3.0,14.1,4.53,8.64,118100.0
Villa,973.7,4.0,16.1,44.88,2.25,104300.0
Apartment,1612.4,2.0,0.7,9.01,1.28,163300.0
Bungalow,647.0,4.0,32.6,5.1,9.41,56000.0
Apartment,1905.1,3.0,14.4,18.05,2.33,203200.0
Townhouse,1436.7,2.0,23.2,13.09,8.29,123300.0
Townhouse,2797.2,3.0,3.0,13.83,8.41,291100.0
Townhouse,2423.2,3.0,7.0,2.18,7.38,316700.0
Bungalow,1427.4,5.0,35.6,6.32,2.18,212400.0
Apartment,1457.5,2.0,24.3,19.79,7.01,92600.0
Bungalow,1898.2,3.0,38.0,7.01,9.0,216400.0
Apartment,2181.3,3.0,40.0,11.5,4.83,215900.0
Apartment,844.8,5.0,14.9,8.87,4.72,118200.0
Apartment,785.4,2.0,12.0,18.47,,55900.0
Villa,1251.2,5.0,34.3,3.35,1.74,248100.0
Bungalow,1733.1,5.0,39.9,8.57,9.03,231000.0
Bungalow,1698.7,2.0,25.2,1.32,,205400.0
Villa,1927.9,4.0,31.8,11.72,9.98,283400.0
Apartment,1020.1,5.0,,13.17,6.27,124600.0
Townhouse,573.5,2.0,14.2,0.5,7.76,60200.0
Villa,1843.2,3.0,23.0,11.26,2.82,299200.0
Villa,1168.7,3.0,33.3,5.36,7.01,218800.0
Apartment,692.6,2.0,27.5,1.32,6.85,50000.0
Bungalow,1558.0,1.0,0.8,5.45,9.11,174800.0
Bungalow,1817.3,,13.5,2.16,8.48,215900.0
Apartment,1451.2,,5.8,5.37,9.45,134700.0
Apartment,1316.9,3.0,9.3,4.85,8.82,132100.0
Bungalow,1436.3,2.0,36.2,13.41,8.82,138200.0
Bungalow,1351.8,4.0,1.5,14.88,1.57,192200.0
Apartment,960.8,4.0,8.8,9.34,8.61,106300.0
Townhouse,1214.1,1.0,12.4,0.5,6.47,126800.0
Apartment,1708.5,3.0,,26.74,4.42,97700.0
Villa,1628.7,3.0,21.4,11.59,1.51,269600.0
Townhouse,1567.2,5.0,8.7,0.5,7.1,230100.0
Villa,1101.9,1.0,6.6,17.08,3.95,161700.0
Bungalow,1427.4,2.0,9.5,2.23,5.21,177100.0
Apartment,629.2,5.0,20.1,8.66,7.14,52000.0
Apartment,1571.4,5.0,10.8,6.29,9.21,205000.0
Townhouse,2071.5,4.0,37.9,5.44,8.43,234100.0
Villa,910.3,4.0,18.6,22.05,5.06,157000.0
Townhouse,,1.0,2.4,5.75,4.49,124800.0
Apartment,1631.6,3.0,29.2,0.78,,201100.0
Apartment,2001.1,2.0,13.2,29.31,4.35,139200.0
Apartment,1320.7,2.0,26.1,25.32,,62100.0
Bungalow,1223.1,4.0,11.2,11.53,9.74,157100.0
Apartment,712.4,,22.8,6.31,6.17,50000.0
Townhouse,,3.0,30.9,0.97,2.15,206300.0
Villa,2316.8,5.0,37.1,15.64,4.18,359000.0
Townhouse,1610.9,2.0,10.4,0.78,5.92,180400.0
Apartment,1491.1,5.0,13.4,0.71,5.8,187800.0
Townhouse,1628.8,5.0,18.6,7.71,1.32,281300.0
Bungalow,1495.6,3.0,,1.75,9.56,171900.0
Bungalow,1174.8,2.0,36.1,0.5,3.48,170000.0
Bungalow,1829.3,2.0,3.6,5.5,1.15,285400.0
Bungalow,1590.3,3.0,5.3,1.48,1.69,257800.0
Bungalow,1507.0,2.0,19.8,1.75,6.22,184800.0
Apartment,1109.9,2.0,4.3,0.8,2.24,138300.0
Apartment,2021.4,5.0,13.8,2.3,1.38,271600.0
Townhouse,1765.9,2.0,5.9,12.57,4.42,201200.0
Bungalow,1278.8,4.0,25.4,16.55,6.6,156000.0
Bungalow,1900.7,1.0,38.0,6.02,2.01,207700.0
Villa,1301.0,3.0,39.9,7.06,3.82,203900.0
Apartment,1187.2,5.0,15.0,0.5,4.76,153000.0
Apartment,1196.1,2.0,24.0,0.72,2.44,159300.0
Bungalow,791.6,2.0,34.3,,5.55,99100.0
Villa,1688.6,3.0,4.7,7.85,1.77,299000.0
Apartment,767.5,4.0,27.6,13.45,1.42,65800.0
Villa,1008.6,3.0,16.4,9.29,,158000.0
Apartment,,2.0,8.2,4.98,3.23,87700.0
Villa,1465.6,2.0,16.1,1.26,1.86,267400.0
Apartment,1439.9,5.0,3.0,15.18,4.82,189600.0
Bungalow,1369.3,5.0,27.8,4.52,9.24,187200.0
Apartment,1083.0,3.0,10.1,13.32,7.52,85100.0
Villa,1031.1,4.0,12.5,7.19,8.34,216800.0
Apartment,1685.7,,4.8,13.42,8.85,173900.0
Apartment,1279.8,3.0,34.6,23.78,9.75,76900.0
Apartment,,2.0,19.7,25.39,7.87,91800.0
Villa,1145.9,3.0,22.9,7.66,,214400.0
Bungalow,1572.4,3.0,22.8,7.16,4.29,225800.0
Apartment,2021.3,1.0,16.4,3.09,2.63,217500.0
Bungalow,1734.5,3.0,7.7,27.46,7.18,147900.0
Townhouse,1335.0,4.0,29.8,6.12,9.95,174000.0
Bungalow,1602.9,3.0,5.1,1.36,5.21,216800.0
Apartment,1403.7,3.0,4.2,5.67,7.51,166900.0
Villa,1503.2,5.0,28.4,1.36,5.46,294100.0
Apartment,1369.8,1.0,8.4,6.98,4.89,87800.0
Apartment,1434.3,3.0,12.3,8.24,4.69,180100.0
Townhouse,1584.8,4.0,19.0,4.12,5.54,151000.0
Apartment,1102.7,3.0,18.0,0.74,4.3,99200.0
Villa,,2.0,28.3,,7.74,120400.0
Bungalow,944.6,2.0,24.9,14.84,8.87,81400.0
Bungalow,859.9,4.0,25.8,18.26,8.95,67000.0
Villa,,3.0,28.6,4.57,,209300.0
Apartment,,4.0,11.7,14.31,9.06,102000.0
Apartment,1142.9,3.0,12.9,6.64,4.07,143600.0
Villa,1705.4,3.0,17.5,2.24,3.78,304100.0
Apartment,1513.9,4.0,12.3,1.33,7.54,190500.0
Apartment,,3.0,39.4,4.23,,73600.0
Apartment,1762.0,3.0,32.6,1.48,,229600.0
Apartment,1824.3,3.0,6.6,50.0,4.36,82600.0
Apartment,1102.5,4.0,0.2,0.5,7.49,113300.0
Apartment,1668.1,3.0,1.7,5.82,3.94,245000.0
Villa,1157.4,3.0,9.8,6.02,6.67,238300.0
Bungalow,1539.1,1.0,4.6,3.58,6.94,153200.0
Bungalow,994.2,5.0,21.3,8.47,7.6,140900.0
Apartment,782.8,1.0,34.3,1.62,9.07,50000.0
Apartment,1346.9,3.0,29.5,15.32,4.89,137900.0
Apartment,1450.5,3.0,8.6,4.04,2.5,139500.0
Bungalow,1340.9,3.0,16.0,8.95,3.87,165600.0
Bungalow,1026.4,3.0,20.3,12.58,4.89,85500.0
Apartment,1340.0,1.0,32.4,21.99,7.43,50000.0
Townhouse,1607.7,3.0,33.6,18.07,1.12,153000.0
Apartment,1482.0,4.0,36.4,9.37,3.84,167800.0
Villa,1573.0,4.0,20.4,4.92,8.02,259600.0
Bungalow,,2.0,27.8,7.0,7.04,119800.0
Townhouse,1968.7,4.0,4.5,14.64,7.59,232100.0
Bungalow,1029.5,3.0,22.6,21.0,8.31,90100.0
Bungalow,1695.0,4.0,9.9,1.1,8.05,254000.0
Apartment,1972.8,3.0,17.3,4.86,7.14,216400.0
Bungalow,1692.4,3.0,25.4,14.97,4.96,179200.0
Apartment,1419.0,5.0,10.3,5.65,9.85,171400.0
Townhouse,,4.0,2.1,4.04,6.12,187000.0
Villa,1914.4,3.0,0.4,5.3,2.82,283800.0
Bungalow,930.8,2.0,0.9,9.23,3.64,126900.0
Villa,1112.0,3.0,0.3,50.0,7.24,85500.0
Bungalow,1341.0,3.0,4.4,6.79,,167300.0
Villa,1995.1,2.0,9.6,2.34,2.61,324200.0
Bungalow,1651.9,2.0,8.8,1.78,1.74,180200.0
Apartment,1112.8,4.0,39.5,0.5,8.93,117800.0
Apartment,1375.9,1.0,12.2,8.18,9.24,138300.0
Apartment,1254.3,3.0,5.1,7.87,3.49,145700.0
Apartment,1216.1,2.0,21.8,2.3,4.4,124400.0
Townhouse,1891.6,2.0,34.3,11.89,6.94,176800.0
Apartment,951.3,1.0,27.1,13.51,3.97,56300.0
Townhouse,2143.5,2.0,11.8,3.0,,249900.0
Apartment,1831.3,4.0,22.5,4.22,1.97,233400.0
Apartment,1936.3,4.0,28.6,46.53,1.34,131600.0
Bungalow,1314.8,2.0,29.1,4.69,2.88,201200.0
Bungalow,1440.0,3.0,,14.3,3.57,187400.0
Villa,926.7,3.0,34.8,6.03,2.02,239400.0
Villa,1290.1,4.0,34.8,15.77,1.59,210600.0
Bungalow,1697.5,4.0,23.2,14.65,,230500.0
Apartment,2018.4,,17.2,11.02,2.48,209800.0
Townhouse,1057.1,3.0,,19.29,9.23,71300.0
Townhouse,1353.8,4.0,,28.0,4.31,119500.0
Bungalow,,1.0,0.2,8.67,,143300.0
Apartment,941.7,3.0,39.7,2.71,3.03,109700.0
Bungalow,1736.5,5.0,7.3,5.09,3.16,290000.0
Apartment,1210.4,4.0,18.8,14.2,6.17,104400.0
Apartment,1421.8,3.0,34.9,10.52,6.05,165800.0
Apartment,1319.2,3.0,,1.96,7.92,123600.0
Villa,1184.3,2.0,19.1,0.53,7.82,248500.0
Townhouse,1497.2,3.0,5.3,11.49,,179400.0
Bungalow,1413.8,3.0,15.8,2.89,5.04,196100.0
Bungalow,1351.3,3.0,7.1,,9.02,158700.0
Villa,1208.6,4.0,14.5,13.73,6.6,200100.0
Apartment,1627.8,4.0,14.9,8.27,9.91,170700.0
Apartment,2161.4,2.0,39.7,0.87,8.37,222500.0
Townhouse,1556.0,3.0,39.8,2.05,1.4,225200.0
Apartment,1898.4,3.0,4.6,2.48,3.89,276900.0
Townhouse,943.9,3.0,29.0,2.98,6.15,114200.0
Villa,1563.1,2.0,2.1,8.33,7.49,224700.0
Villa,1061.1,3.0,1.2,7.01,5.95,196000.0
Bungalow,909.2,4.0,4.2,2.27,8.08,144200.0
Villa,1204.3,3.0,38.6,0.7,3.54,213400.0
Townhouse,1976.8,5.0,37.6,1.88,2.66,253600.0
Townhouse,1880.0,,7.8,41.59,1.49,207900.0
Villa,1597.2,2.0,6.5,6.32,6.16,260900.0
Apartment,886.9,,9.6,20.2,7.2,50000.0
Villa,1421.5,5.0,20.6,18.89,3.94,259200.0
Townhouse,1620.7,5.0,22.8,7.16,6.52,187000.0
Apartment,1570.2,1.0,8.9,12.27,1.47,124400.0
Bungalow,762.5,1.0,30.3,2.14,1.89,81300.0
Bungalow,,2.0,12.4,11.66,7.32,149900.0
Bungalow,,5.0,36.9,3.18,4.31,221600.0
Apartment,1714.5,2.0,26.3,17.84,,82100.0
Bungalow,621.5,3.0,17.5,0.87,8.49,118500.0
Townhouse,1435.2,4.0,,14.83,,131100.0
Apartment,1557.2,1.0,32.7,1.05,2.55,125200.0
Apartment,1839.8,3.0,11.6,21.3,5.38,158200.0
Townhouse,1777.1,2.0,13.6,3.63,,205500.0
Apartment,1733.0,4.0,37.4,10.62,7.97,183600.0
Townhouse,1180.0,2.0,6.6,,8.06,152000.0
Villa,736.8,,1.7,4.56,3.05,169600.0
Apartment,1342.8,3.0,,10.37,2.73,145900.0
Townhouse,1900.7,2.0,32.0,29.47,6.31,114400.0
Villa,2057.4,1.0,30.9,0.5,7.67,263400.0
Villa,1784.2,3.0,36.8,25.11,3.87,247600.0
Apartment,1671.7,2.0,21.3,9.39,1.94,183300.0
Villa,1651.9,4.0,4.0,16.47,7.45,262700.0
Apartment,1277.6,4.0,23.5,4.84,3.7,170800.0
Apartment,,3.0,31.1,6.38,2.5,150400.0
Townhouse,2167.6,3.0,3.7,20.31,2.33,212900.0
Apartment,1123.0,3.0,6.9,5.36,3.83,135700.0
Bungalow,2145.9,4.0,0.5,7.65,6.33,312200.0
Apartment,1371.2,3.0,23.7,0.5,4.23,201400.0
Bungalow,2030.2,,35.5,1.73,1.19,281800.0
Apartment,937.3,2.0,26.8,10.26,1.87,81400.0
Townhouse,1734.4,3.0,39.3,12.62,3.61,186600.0
Villa,1205.3,3.0,2.5,8.74,6.94,214600.0
Apartment,933.9,3.0,36.1,1.55,1.89,96300.0
Apartment,1587.4,1.0,32.6,,6.05,137800.0
Apartment,1903.8,4.0,12.6,4.39,,224000.0
Villa,1162.0,2.0,38.9,,2.9,195400.0
Apartment,900.4,2.0,11.5,20.43,2.55,83500.0
Bungalow,1463.3,3.0,35.6,14.95,1.61,188000.0
Villa,1465.0,2.0,35.2,0.88,7.04,218900.0
Apartment,1719.3,3.0,30.3,22.1,5.17,137700.0
Bungalow,1879.8,3.0,22.5,6.38,8.48,209600.0
Bungalow,1476.2,3.0,4.8,13.62,1.89,190100.0
Apartment,2242.2,3.0,21.3,1.51,2.3,300500.0
Apartment,1589.7,2.0,14.3,11.11,3.76,168300.0
Apartment,1361.4,2.0,31.7,2.7,,177500.0
Bungalow,855.4,4.0,30.3,5.77,3.75,159000.0
Bungalow,1394.9,3.0,36.4,0.5,4.68,198000.0
Villa,1365.4,3.0,0.6,1.64,3.71,282300.0
Bungalow,1884.1,1.0,32.4,0.97,1.72,231100.0
Bungalow,1685.0,3.0,37.5,2.74,,179900.0
Villa,1028.3,3.0,31.6,1.05,5.94,231800.0
Townhouse,1568.9,3.0,5.2,11.77,8.09,183200.0
Apartment,1768.6,4.0,3.3,0.5,,226500.0
Apartment,2111.2,2.0,0.8,9.62,5.63,227000.0
Apartment,1855.0,2.0,25.1,1.52,1.81,243100.0
Apartment,1804.3,4.0,25.2,29.03,6.78,156600.0
Villa,1524.0,5.0,39.5,27.04,2.4,198100.0
Townhouse,1655.3,2.0,15.9,2.56,4.73,199000.0
Apartment,1999.8,3.0,13.3,9.53,6.66,209700.0
Apartment,966.9,2.0,25.0,0.5,8.04,112100.0
Villa,1360.2,1.0,33.0,26.85,7.17,153100.0
Townhouse,1191.0,2.0,37.5,7.4,7.04,130200.0
Apartment,1651.7,2.0,32.1,0.5,2.34,168900.0
Villa,1992.1,4.0,17.1,4.19,4.12,325800.0
Apartment,1261.2,3.0,25.4,0.8,1.39,188000.0
Apartment,543.9,2.0,34.3,,7.48,50000.0
Townhouse,1335.1,,19.6,11.08,9.57,63500.0
Townhouse,1865.4,4.0,8.7,6.35,3.38,257600.0
Apartment,1715.1,2.0,6.8,4.84,,189800.0
Townhouse,1671.3,3.0,0.0,1.27,5.28,256400.0
Bungalow,1388.0,2.0,28.7,2.81,8.71,164900.0
Townhouse,988.4,3.0,4.4,1.06,,137600.0
Villa,,2.0,9.8,16.48,1.42,247300.0
Villa,1166.3,1.0,11.9,1.45,9.77,217400.0
Villa,2373.6,2.0,22.4,9.05,8.46,329800.0
Bungalow,,2.0,15.9,4.2,2.18,219900.0
Apartment,1267.7,3.0,27.0,2.56,9.3,112900.0
Apartment,1255.4,3.0,2.2,10.2,5.06,132200.0
Apartment,1462.8,2.0,5.0,6.11,4.35,137800.0
Bungalow,1404.2,1.0,20.0,5.11,5.15,178200.0
Apartment,1946.7,3.0,13.5,8.99,,164700.0
Bungalow,1574.6,3.0,11.8,6.76,6.94,197200.0
Townhouse,1207.3,5.0,2.7,3.62,1.53,213700.0
Apartment,2256.2,3.0,35.8,8.19,,231600.0
Bungalow,1519.7,3.0,27.7,11.07,,176600.0
Villa,1807.5,3.0,4.9,0.5,7.71,320300.0
Townhouse,1256.7,5.0,2.6,6.27,,161100.0
Apartment,1645.2,4.0,39.0,0.59,2.69,214900.0
Bungalow,1624.4,2.0,27.2,2.06,,228000.0
Bungalow,744.1,2.0,16.7,8.22,,80200.0
Townhouse,2306.1,2.0,28.1,20.11,4.78,199700.0
Bungalow,2016.3,3.0,30.3,21.44,6.89,223900.0
Villa,1341.1,4.0,31.2,0.73,5.54,262700.0
Bungalow,1059.1,3.0,19.1,5.43,7.55,150900.0
Townhouse,1639.0,1.0,17.2,8.75,,186200.0
Villa,1534.7,,0.4,1.59,3.59,327200.0
Apartment,1642.3,4.0,,14.5,,190300.0
Townhouse,,2.0,,13.63,8.73,135200.0
Bungalow,1702.5,3.0,8.1,23.37,5.21,190200.0
Bungalow,2078.9,3.0,36.8,0.5,2.92,287200.0
Apartment,1727.2,4.0,36.6,2.44,9.41,169800.0
Bungalow,1080.1,4.0,39.6,17.56,8.17,110500.0
Apartment,2045.0,3.0,35.0,11.1,1.5,228700.0
Bungalow,2156.2,3.0,39.9,22.48,9.99,208100.0
Apartment,2760.8,4.0,9.8,0.59,7.25,343100.0
Bungalow,1050.6,3.0,33.7,9.09,,122000.0
Townhouse,1597.2,2.0,,8.42,3.13,180600.0
Apartment,667.2,4.0,9.2,0.5,7.23,68800.0
Townhouse,1721.3,2.0,,7.21,,210100.0
Villa,1280.7,,39.2,9.4,3.15,213700.0
Townhouse,2269.4,4.0,11.8,2.12,3.31,311700.0
Bungalow,,4.0,34.8,3.19,3.76,192000.0
Villa,824.3,3.0,0.2,10.23,6.38,179400.0
Bungalow,1311.5,2.0,0.8,6.32,2.55,149600.0
Townhouse,709.8,3.0,18.6,19.52,1.94,71000.0
Villa,1800.4,2.0,,4.19,7.11,286400.0
Apartment,674.0,2.0,27.6,3.1,8.01,50000.0
Bungalow,1511.4,4.0,22.6,41.91,5.51,87300.0
Bungalow,668.9,2.0,,24.21,,50000.0
Bungalow,1371.9,3.0,6.5,0.5,4.89,179300.0
Bungalow,2157.4,3.0,,14.73,4.5,288400.0
Villa,1644.3,5.0,7.4,1.17,9.64,336300.0
Bungalow,1154.6,3.0,,0.5,7.91,163600.0
Apartment,1487.5,1.0,16.6,3.2,2.87,149700.0
Villa,1507.2,1.0,3.7,3.14,4.46,242800.0
Apartment,1689.1,3.0,19.4,17.11,5.9,168200.0
Apartment,953.3,3.0,3.6,12.4,6.52,119500.0
Apartment,1737.0,3.0,5.2,39.96,5.21,88700.0
Apartment,418.2,3.0,9.6,12.43,8.29,50000.0
Bungalow,1248.0,1.0,34.4,,7.91,150600.0
Apartment,1304.7,3.0,37.0,12.0,5.55,79100.0
Villa,1753.3,3.0,33.1,50.0,8.69,113900.0
Apartment,1509.1,,13.4,12.38,7.76,121300.0
Apartment,937.8,2.0,10.9,14.34,,50000.0
Apartment,1106.0,2.0,22.0,27.87,9.61,50000.0
Apartment,1579.5,2.0,28.9,1.21,3.4,195000.0
Bungalow,,,,12.2,3.41,159600.0
Bungalow,1268.4,2.0,5.3,19.03,9.0,132100.0
Bungalow,1307.7,2.0,2.0,30.87,7.95,110500.0
Villa,1778.5,2.0,27.8,2.37,9.34,262800.0
Apartment,1292.9,5.0,33.3,7.01,1.57,167200.0
Townhouse,1464.8,4.0,33.9,11.41,6.65,203200.0
Villa,2368.0,2.0,27.1,2.84,2.3,377300.0
Villa,930.5,2.0,38.2,9.17,5.54,158000.0
Apartment,759.3,2.0,20.4,2.98,2.4,109600.0
Apartment,1813.4,3.0,36.6,4.06,2.15,219600.0
Apartment,1228.5,1.0,38.7,,1.11,101000.0
Apartment,1372.7,3.0,33.9,7.53,6.67,135100.0
Villa,1187.5,3.0,12.4,5.97,4.23,247200.0
Villa,1396.1,4.0,7.8,,1.95,235600.0
Bungalow,2139.4,2.0,21.9,3.55,3.91,263700.0
Bungalow,1820.9,4.0,18.1,1.73,2.52,301800.0
Bungalow,1844.9,4.0,,0.5,9.48,234200.0
Bungalow,933.5,2.0,4.0,2.18,3.88,168900.0
Townhouse,1039.5,3.0,10.3,8.72,4.01,150700.0
Apartment,400.0,2.0,,15.42,8.56,50000.0
Apartment,1176.2,2.0,3.8,1.85,6.83,115000.0
Apartment,1882.7,2.0,12.8,1.15,7.39,200800.0
Bungalow,1706.8,3.0,15.5,13.83,6.72,247000.0
Townhouse,1411.4,3.0,24.9,3.64,9.52,190400.0
Apartment,1491.1,5.0,,30.26,2.86,141100.0
Townhouse,1224.4,2.0,34.4,12.53,9.9,70400.0
Apartment,1581.9,5.0,17.9,3.96,8.48,202400.0
Townhouse,1806.4,2.0,,3.42,6.3,197800.0
Apartment,853.6,4.0,18.7,7.42,6.96,68100.0
Apartment,1619.9,2.0,11.0,0.82,6.84,180700.0
Villa,1873.0,2.0,5.7,1.25,1.53,348500.0
Apartment,1334.0,4.0,0.1,1.93,2.96,156400.0
Apartment,1780.3,2.0,21.3,14.9,9.65,156200.0
Apartment,,3.0,4.3,7.21,5.81,330600.0
Bungalow,1458.3,3.0,15.7,0.5,4.41,201800.0
Villa,1657.3,3.0,23.6,11.19,7.86,280900.0
Apartment,1204.8,3.0,11.0,5.51,5.72,120900.0
Bungalow,1572.5,4.0,7.0,7.15,1.12,248100.0
Bungalow,1684.1,1.0,,,7.63,177700.0
Apartment,,3.0,37.9,8.02,7.59,144800.0
Villa,1092.1,4.0,4.0,38.71,2.49,130600.0
Apartment,1582.5,1.0,6.2,0.76,9.61,165100.0
Apartment,2084.9,2.0,38.4,3.34,3.02,245900.0
Bungalow,1679.5,4.0,1.5,2.78,5.12,250700.0
Apartment,1884.8,3.0,39.1,2.86,2.03,197700.0
Villa,1405.2,3.0,0.2,4.76,6.43,261600.0
Bungalow,1800.0,,34.9,17.04,4.38,188400.0
Apartment,1611.7,3.0,12.3,,4.18,128000.0
Villa,1119.6,2.0,37.5,2.26,8.44,222400.0
Apartment,1627.4,3.0,12.7,,1.09,164800.0
Townhouse,,4.0,26.2,10.13,8.18,71800.0
Villa,1246.8,2.0,3.2,7.38,6.14,196700.0
Bungalow,1575.7,3.0,9.7,5.69,9.87,206900.0
Villa,1618.9,5.0,30.9,2.13,6.3,281100.0
Apartment,1024.3,3.0,21.1,6.7,1.5,101600.0
Bungalow,1921.6,4.0,37.1,5.13,1.46,289800.0
Townhouse,1728.8,3.0,17.2,15.87,8.95,169700.0
Bungalow,1218.1,4.0,34.8,14.42,8.57,138800.0
Bungalow,885.0,1.0,18.0,1.44,4.11,127100.0
Townhouse,1442.0,2.0,39.2,0.93,,145900.0
Apartment,1321.6,2.0,38.4,23.88,5.41,58500.0
Apartment,1545.3,,13.2,7.67,9.7,168200.0
Bungalow,1354.8,4.0,35.4,19.51,9.55,101200.0
Villa,,2.0,,0.6,9.85,92600.0
Bungalow,1344.7,3.0,,7.48,8.8,155900.0
Townhouse,1377.8,4.0,25.0,7.75,9.19,171400.0
Apartment,1753.5,3.0,2.9,19.71,2.96,178100.0
Apartment,1220.7,3.0,33.5,1.03,8.48,144900.0
Bungalow,2171.5,3.0,7.0,2.75,7.38,244000.0
Apartment,735.3,2.0,2.8,5.22,9.67,58800.0
Bungalow,2024.5,1.0,,,6.14,198200.0
Villa,1410.3,5.0,23.1,27.95,1.77,194700.0
Bungalow,1843.8,,34.2,49.23,6.38,98200.0
Apartment,1531.9,1.0,39.0,31.99,7.18,50000.0
Bungalow,1955.8,4.0,17.6,0.5,2.98,353900.0
Villa,1345.1,2.0,2.4,0.5,,207000.0
Villa,1060.6,3.0,30.0,,6.39,234300.0
Apartment,2068.2,2.0,22.6,,4.37,218700.0
Bungalow,1454.6,3.0,17.9,,4.37,127600.0
Townhouse,1588.6,2.0,12.4,22.32,2.2,128100.0
Apartment,1993.9,2.0,20.1,2.07,,210700.0
Apartment,1087.2,3.0,13.5,9.67,7.75,119500.0
Apartment,,4.0,30.3,24.93,1.01,199000.0
Bungalow,1264.0,3.0,21.8,6.23,7.89,184000.0
Bungalow,1447.1,5.0,35.1,1.09,7.66,197900.0
Villa,1528.9,1.0,21.7,6.12,1.09,267500.0
Apartment,899.9,3.0,9.5,4.71,4.33,114600.0
Apartment,1188.5,3.0,34.0,8.62,6.46,95800.0
Villa,2040.4,5.0,22.3,5.77,5.07,346900.0
Villa,1854.5,1.0,8.3,0.5,8.0,265700.0
Townhouse,1474.9,,24.9,50.0,,50000.0
Apartment,1597.2,4.0,14.3,7.84,2.38,186900.0
Bungalow,1382.3,2.0,33.8,6.42,9.79,120000.0
Villa,2042.6,4.0,18.1,30.93,3.18,280100.0
Villa,1419.9,,29.1,1.69,7.46,228500.0
Bungalow,1592.7,4.0,3.8,2.1,2.29,250000.0
Bungalow,1958.4,5.0,15.8,16.5,3.96,284100.0
Townhouse,1189.1,3.0,,3.02,4.98,133900.0
Apartment,2123.5,3.0,32.3,16.06,2.73,208500.0
Apartment,887.8,1.0,6.4,,,91800.0
Bungalow,2151.9,5.0,11.1,0.5,2.41,333900.0
Villa,1350.9,3.0,13.2,,6.03,236200.0
Apartment,1402.9,1.0,26.0,,6.97,75500.0
Apartment,744.0,3.0,30.3,14.18,1.56,60700.0
Apartment,1318.1,3.0,30.0,10.25,8.84,75500.0
Townhouse,1084.1,2.0,20.4,25.72,2.67,50000.0
Apartment,1256.9,2.0,32.4,15.28,3.03,70000.0
Apartment,1445.1,1.0,,,6.95,115000.0
Apartment,1883.1,3.0,5.0,16.1,5.22,178300.0
Apartment,1583.0,3.0,22.6,10.26,,151200.0
Apartment,1623.1,3.0,38.1,11.05,2.15,182300.0
Villa,1061.8,4.0,31.7,17.85,8.25,169500.0
Apartment,1147.7,4.0,23.1,8.53,6.55,86400.0
Bungalow,2219.5,3.0,25.9,6.27,,292400.0
Apartment,1205.9,1.0,37.2,10.12,4.37,89600.0
Villa,2162.5,3.0,17.1,3.54,8.29,325600.0
Townhouse,1402.8,,13.3,2.02,6.12,174900.0
Bungalow,,3.0,39.1,9.59,1.98,192700.0
Villa,1928.1,3.0,34.5,2.66,4.35,329000.0
Apartment,2008.8,3.0,12.9,0.83,3.18,222900.0
Apartment,1455.7,5.0,18.6,0.5,5.66,201400.0
Bungalow,1344.7,2.0,16.6,9.37,8.59,170800.0
Townhouse,1477.6,3.0,6.0,4.5,4.93,214400.0
Bungalow,1635.2,1.0,38.3,13.96,4.9,167600.0
Villa,1856.5,5.0,16.2,4.7,9.15,329700.0
Bungalow,1501.7,2.0,35.0,6.66,,201100.0
Villa,1747.6,1.0,7.6,,6.1,299200.0
Apartment,2155.3,2.0,21.9,10.51,3.36,220100.0
Villa,1652.5,3.0,1.0,4.4,6.47,264300.0
Townhouse,1624.7,2.0,30.6,33.18,,80000.0
Apartment,892.4,3.0,,27.51,4.57,91600.0
Bungalow,447.7,3.0,25.0,18.84,9.92,50000.0
Apartment,1655.4,1.0,2.1,25.29,8.94,81600.0
Villa,1462.1,2.0,8.4,5.96,7.75,204100.0
Apartment,1294.1,4.0,3.0,7.69,5.84,159900.0
Villa,1597.4,,11.6,13.55,5.16,225500.0
Bungalow,1475.8,4.0,25.1,11.91,2.66,196000.0
Apartment,,3.0,22.6,22.13,3.75,137400.0
Bungalow,1534.4,2.0,24.5,12.6,7.97,164600.0
Bungalow,1201.2,1.0,22.0,50.0,5.08,50000.0
Townhouse,1896.1,2.0,10.9,4.28,8.94,195800.0
Apartment,1413.1,4.0,9.8,17.9,2.33,148900.0
Apartment,1710.6,5.0,5.5,11.96,5.58,206100.0
Apartment,1309.0,3.0,34.0,11.76,6.82,116100.0
Townhouse,,,24.7,3.94,5.65,116300.0
Townhouse,1533.7,2.0,7.5,,9.0,143500.0
Villa,,2.0,7.1,23.06,9.91,202900.0
Bungalow,1691.9,3.0,34.9,2.47,,218700.0
Villa,1392.5,1.0,29.7,9.82,2.17,202900.0
Bungalow,765.5,,26.4,4.98,,168100.0
Apartment,1326.9,3.0,16.3,45.61,7.13,50000.0
Bungalow,1817.5,5.0,10.5,6.52,4.35,231500.0
Apartment,1381.0,4.0,39.2,,,162500.0
Bungalow,1401.4,4.0,31.9,4.81,4.65,209100.0
Bungalow,1894.6,3.0,12.1,10.61,6.65,213400.0
Bungalow,1215.2,3.0,33.9,0.79,7.93,148200.0
Apartment,882.9,3.0,30.4,9.25,5.93,59100.0
Apartment,1435.7,3.0,,26.77,5.86,80200.0
Apartment,1306.3,3.0,17.1,19.0,1.79,132900.0
Apartment,1113.5,5.0,7.4,,4.7,150400.0
Apartment,1429.8,4.0,4.4,50.0,5.91,50000.0
Townhouse,1696.6,4.0,28.9,12.0,5.16,174400.0
Villa,1496.3,4.0,10.7,1.77,9.11,243400.0
Apartment,1622.8,2.0,32.8,0.5,9.16,177600.0
Apartment,2225.4,1.0,39.8,1.88,8.4,202500.0
Villa,1362.8,3.0,3.1,18.21,4.38,218600.0
Bungalow,1611.3,3.0,18.9,0.5,7.46,187400.0
Villa,1296.3,4.0,32.1,2.65,4.56,238500.0
Townhouse,1161.5,3.0,,14.16,3.09,128900.0
Villa,1266.0,3.0,30.4,8.82,,270600.0
Townhouse,1308.5,,14.0,15.27,1.64,103100.0
Townhouse,1643.8,1.0,18.2,13.71,3.99,142000.0
Apartment,2439.6,3.0,23.8,0.52,5.15,301900.0
Townhouse,1213.6,4.0,39.0,22.3,9.6,68500.0
Apartment,1333.3,2.0,13.1,2.58,3.82,167400.0
Bungalow,1474.8,3.0,36.9,8.06,,145500.0
Apartment,1658.3,3.0,10.8,10.34,3.06,188400.0
Townhouse,1605.4,2.0,39.6,1.85,2.72,176000.0
Townhouse,2013.6,2.0,26.8,37.39,5.67,147800.0
Bungalow,529.4,5.0,18.5,6.7,,87500.0
Bungalow,545.2,3.0,24.5,0.59,1.4,103800.0
Apartment,1301.6,2.0,10.9,27.69,2.99,94600.0
Apartment,1938.9,2.0,,8.83,,179700.0
Villa,873.7,3.0,4.5,12.01,3.98,177000.0
Apartment,400.0,3.0,4.6,7.45,7.41,50000.0
Bungalow,,3.0,13.9,18.0,5.6,167300.0
Apartment,1597.5,1.0,30.5,0.5,2.44,177800.0
Townhouse,1063.9,4.0,24.3,3.12,9.05,110100.0
Bungalow,1105.8,3.0,4.1,6.34,,151200.0
Bungalow,1112.1,2.0,34.1,0.8,7.58,143500.0
Apartment,1544.2,3.0,24.1,12.24,8.02,127900.0
Townhouse,1249.5,3.0,38.4,5.0,9.67,138500.0
Townhouse,1697.6,4.0,26.8,3.18,5.49,223100.0
Villa,400.0,5.0,7.0,0.5,6.54,180600.0
Bungalow,1157.3,2.0,19.0,12.72,4.01,150000.0
Bungalow,1049.6,4.0,25.9,17.95,,117100.0
Apartment,1397.5,4.0,1.1,5.03,5.17,212200.0
Villa,,5.0,0.6,8.31,4.94,282400.0
Apartment,1819.1,2.0,5.2,2.58,8.7,182700.0
Apartment,756.3,3.0,10.1,9.73,1.45,111600.0
Apartment,1518.2,2.0,17.2,0.5,8.94,161600.0
Apartment,1723.3,4.0,19.5,6.71,8.67,184300.0
Apartment,2242.7,1.0,,10.33,5.56,223700.0
Apartment,1307.3,3.0,26.9,25.03,5.41,103900.0
Townhouse,1629.8,2.0,23.8,4.8,4.26,191300.0
Villa,778.5,2.0,11.8,14.49,9.95,150700.0
Townhouse,543.2,3.0,0.5,9.11,2.0,96300.0
Villa,1837.9,4.0,3.1,26.17,6.31,265700.0
Apartment,1497.8,3.0,15.7,5.08,7.14,142600.0
Villa,,4.0,6.2,3.84,9.41,320700.0
Villa,950.6,,,21.82,8.02,120400.0
Apartment,1708.0,3.0,25.1,0.5,6.79,212700.0
Bungalow,2247.5,3.0,21.9,1.47,2.05,323900.0
Apartment,1667.9,1.0,9.2,0.86,4.36,183900.0
Bungalow,1610.6,3.0,,18.52,2.25,189200.0
Bungalow,1503.4,3.0,24.6,0.5,8.93,210300.0
Apartment,871.6,3.0,34.4,19.78,7.75,50000.0
Apartment,2042.2,4.0,30.1,6.0,7.82,264600.0
Bungalow,1255.7,,22.1,0.5,6.87,134700.0
Villa,1701.8,1.0,14.5,5.14,5.56,283400.0
Apartment,874.8,2.0,14.6,2.07,2.35,101200.0
Townhouse,1028.2,3.0,35.2,9.79,3.97,125600.0
Apartment,2074.0,2.0,1.6,11.37,,232300.0
Bungalow,,1.0,39.5,6.69,7.52,135400.0
Townhouse,2081.3,3.0,26.6,0.5,2.44,281300.0
Apartment,1468.7,3.0,27.2,10.67,7.32,152500.0
Apartment,763.2,2.0,1.5,18.45,7.23,50000.0
Apartment,1856.8,4.0,24.2,12.74,5.13,222700.0
Apartment,1264.0,3.0,19.4,17.72,2.22,93300.0
Apartment,1779.5,2.0,4.2,2.24,3.83,209300.0
Bungalow,1510.1,4.0,11.1,21.97,3.88,191000.0
Apartment,882.8,3.0,35.6,3.89,7.3,102200.0
Villa,1565.7,3.0,22.0,0.5,2.02,301500.0
Townhouse,2378.5,3.0,16.5,18.54,8.46,224800.0
Bungalow,1697.2,,2.9,28.44,7.85,138400.0
Bungalow,1477.0,3.0,,10.66,,171900.0
Apartment,1930.1,3.0,28.1,2.63,7.47,249800.0
Bungalow,1584.3,5.0,24.6,2.9,7.02,234300.0
Villa,1583.8,4.0,20.4,6.28,7.73,239300.0
Villa,1063.3,3.0,17.4,22.81,2.7,140800.0
Apartment,1593.5,2.0,23.7,1.62,2.42,185700.0
Townhouse,1914.2,2.0,9.3,17.49,3.13,192900.0
Villa,1165.6,2.0,37.7,3.44,4.29,242900.0
Apartment,2069.8,3.0,23.6,16.53,8.14,168700.0
Apartment,1463.3,2.0,,25.29,7.64,83800.0
Villa,,3.0,18.0,5.58,9.33,178100.0
Bungalow,1899.1,2.0,,4.54,1.53,232200.0
Bungalow,1385.3,5.0,6.5,16.21,1.1,238600.0
Bungalow,1803.8,2.0,11.7,7.54,7.29,186100.0
Apartment,1383.3,5.0,27.2,11.53,3.51,180500.0
Villa,1476.1,5.0,12.6,9.75,4.01,288400.0
Villa,1697.4,3.0,31.7,1.66,5.92,283700.0
Apartment,1616.4,4.0,5.2,18.63,1.92,188200.0
Apartment,701.8,3.0,30.5,2.18,6.78,50000.0
Bungalow,1051.5,3.0,2.7,26.92,,126500.0
Apartment,1871.8,2.0,0.5,2.88,6.69,247500.0
Villa,,2.0,35.9,13.24,8.51,192900.0
Apartment,1290.5,3.0,23.3,3.35,2.54,206500.0
Apartment,956.6,3.0,14.1,3.82,9.38,85800.0
Apartment,1068.1,3.0,9.3,3.71,5.78,132300.0
Townhouse,,2.0,24.7,13.78,9.31,50700.0
Bungalow,1459.5,3.0,,8.14,2.87,184900.0
Townhouse,1260.6,1.0,39.7,21.45,6.44,50000.0
Villa,1113.4,1.0,39.3,3.67,4.63,147200.0
Apartment,1472.8,2.0,25.4,11.78,7.97,158000.0
Villa,,1.0,17.7,13.98,6.45,205300.0
Villa,2337.3,2.0,19.6,1.64,5.45,350200.0
Bungalow,895.2,4.0,27.3,5.12,9.22,99300.0
Apartment,1963.8,1.0,4.1,6.59,4.39,220200.0
Villa,1889.2,3.0,13.1,,2.98,304400.0
Apartment,1188.4,2.0,3.0,3.89,6.47,113700.0
Apartment,1581.3,4.0,2.9,11.6,6.62,183000.0
Bungalow,1316.9,3.0,7.8,2.43,4.95,170800.0
Villa,1574.3,2.0,19.4,12.36,5.38,227000.0
Apartment,2103.7,3.0,,27.34,9.64,179200.0
Apartment,1742.2,3.0,19.4,8.33,7.59,187600.0
Villa,1703.4,,13.4,9.45,2.0,289000.0
Bungalow,1327.9,2.0,3.3,0.71,2.91,198200.0
Townhouse,906.4,5.0,22.0,19.99,9.78,65900.0
Townhouse,1416.6,3.0,10.9,3.36,7.54,209200.0
Bungalow,1982.6,2.0,24.6,9.55,9.24,193800.0
Apartment,889.1,4.0,39.1,38.69,3.73,50000.0
Bungalow,1078.0,,4.5,9.05,7.68,136500.0
Villa,1550.5,4.0,8.5,12.9,7.43,273600.0
Apartment,1106.1,3.0,18.9,5.89,,148100.0
Bungalow,1183.0,4.0,38.7,0.62,,176300.0
Apartment,1330.6,2.0,30.9,15.98,6.65,95500.0
Townhouse,953.8,4.0,35.9,0.5,5.33,140300.0
Villa,1110.4,4.0,13.3,12.06,8.44,151200.0
Bungalow,1781.4,2.0,39.7,0.5,8.5,176600.0
Bungalow,977.1,2.0,4.1,19.83,8.66,59000.0
Townhouse,860.9,2.0,2.1,1.72,8.23,82900.0
Bungalow,1248.0,5.0,34.2,,5.39,160500.0
Bungalow,1792.8,2.0,37.1,9.09,4.43,216600.0
Apartment,1421.2,3.0,3.6,6.12,8.48,151500.0
Villa,1314.2,1.0,4.5,4.17,5.41,212000.0
Apartment,1517.7,3.0,1.3,6.31,3.22,159500.0
Bungalow,801.7,3.0,4.2,,5.57,124700.0
Villa,1697.9,5.0,8.4,5.76,2.28,275600.0
Bungalow,1653.4,3.0,38.8,4.45,7.22,198500.0
Apartment,1336.3,4.0,26.7,8.35,,157100.0
Apartment,1902.4,3.0,31.1,2.72,3.35,231000.0
Bungalow,1049.0,1.0,31.0,44.79,9.61,50000.0
Apartment,1951.2,2.0,21.4,6.95,7.99,195100.0
Apartment,1561.8,3.0,31.9,2.16,8.08,146800.0
Apartment,1365.4,5.0,23.8,6.48,6.61,154800.0
Townhouse,1492.1,4.0,12.6,20.13,8.55,152500.0
Bungalow,1457.1,2.0,22.4,0.5,7.83,221100.0
Apartment,1988.1,2.0,21.3,11.38,6.39,189200.0
Apartment,1069.3,2.0,32.9,7.94,9.65,53100.0
Apartment,,5.0,39.3,1.86,2.72,176100.0
Bungalow,1914.5,4.0,16.4,17.01,9.49,231300.0
Bungalow,1261.8,4.0,30.5,4.6,4.61,196300.0
Apartment,1860.2,3.0,4.0,3.48,5.76,277600.0
Apartment,2179.8,3.0,31.1,17.61,2.1,205500.0
Apartment,1339.3,,14.9,10.18,5.86,139300.0
Bungalow,1772.5,2.0,1.6,,6.5,198300.0
Bungalow,1038.5,3.0,14.5,9.94,9.98,142400.0
Apartment,1801.9,1.0,24.4,13.5,9.78,90400.0
Apartment,1579.8,2.0,4.8,18.11,9.7,114000.0
Apartment,1689.2,4.0,37.0,,4.14,245700.0
Townhouse,1241.8,4.0,3.1,14.96,9.92,180700.0
Apartment,835.6,3.0,37.2,9.51,5.1,81800.0
Bungalow,1701.3,3.0,28.3,0.72,8.67,210800.0
Bungalow,674.6,3.0,13.2,7.1,2.95,86100.0
Apartment,1373.1,4.0,15.6,0.86,5.55,226600.0
Apartment,,4.0,29.6,13.32,9.69,196200.0
Apartment,1576.8,4.0,24.1,7.91,9.52,148400.0
Bungalow,,4.0,26.9,30.7,,215300.0
Bungalow,1910.0,2.0,15.6,2.02,8.18,238800.0
Bungalow,1238.4,2.0,19.5,,2.59,161400.0
Villa,1510.9,3.0,39.6,2.38,7.49,231400.0
Apartment,1481.1,2.0,8.6,9.52,6.56,126300.0
Townhouse,867.1,4.0,16.7,12.82,1.82,76900.0
Bungalow,1123.8,2.0,11.7,12.81,2.02,153300.0
Apartment,1275.7,2.0,30.6,16.88,1.98,92400.0
Townhouse,685.5,3.0,30.6,19.21,7.52,50000.0
Bungalow,1519.0,5.0,11.7,0.8,2.28,288400.0
Villa,1400.4,2.0,3.3,4.2,5.21,247400.0
Bungalow,830.8,3.0,0.5,11.62,4.21,110500.0
Bungalow,1661.7,3.0,17.1,6.9,5.95,215200.0
Bungalow,1786.3,,,2.12,7.36,206600.0
Apartment,1590.8,3.0,39.5,8.05,7.16,178300.0
Apartment,1370.4,4.0,18.8,5.23,5.64,173000.0
Townhouse,1736.6,3.0,10.3,4.94,5.18,201800.0
Apartment,1772.1,,35.6,16.59,4.58,197700.0
Apartment,1623.0,2.0,19.6,5.24,8.76,178800.0
Villa,1170.2,1.0,24.0,0.5,3.98,179200.0
Villa,1610.6,5.0,3.8,0.6,3.33,361900.0
Bungalow,1978.2,3.0,,19.4,7.69,213100.0
Townhouse,1261.3,3.0,37.8,32.34,4.24,69100.0
Apartment,,4.0,23.6,11.66,8.62,269600.0
Apartment,1289.7,2.0,13.8,4.53,3.95,127100.0
Apartment,1513.0,4.0,25.0,27.9,7.32,125200.0
Townhouse,1231.0,2.0,36.4,10.87,1.41,113700.0
Bungalow,1589.3,2.0,11.0,18.6,4.47,132000.0
Apartment,803.1,2.0,20.2,14.52,4.09,50000.0
Bungalow,1281.6,4.0,38.3,4.77,8.35,178300.0
Townhouse,1063.2,2.0,,6.51,9.7,76900.0
Bungalow,1554.1,4.0,28.8,2.06,5.15,257500.0
Townhouse,1897.8,5.0,24.6,3.45,8.42,270200.0
Apartment,1758.4,3.0,27.2,15.06,7.3,184700.0
Bungalow,,3.0,14.0,22.44,9.71,50000.0
Villa,2316.8,3.0,12.6,12.89,8.3,330000.0
Bungalow,1618.1,2.0,27.4,6.26,1.7,181000.0
Bungalow,1189.4,3.0,8.6,0.9,7.42,191000.0
Bungalow,1562.9,3.0,16.8,0.59,5.82,226700.0
Bungalow,1570.5,5.0,7.5,4.69,1.15,272400.0
Apartment,,5.0,0.3,6.23,3.26,214900.0
Villa,1579.2,,38.8,9.39,9.3,232600.0
Townhouse,,,17.3,0.5,9.33,160800.0
Townhouse,,3.0,38.8,45.78,8.19,50000.0
Apartment,1225.5,3.0,5.6,4.52,9.84,107600.0
Apartment,926.9,4.0,23.5,18.84,8.26,56200.0
Apartment,1558.3,3.0,8.0,7.66,1.09,200500.0
Bungalow,1734.1,5.0,31.6,1.4,3.59,262200.0
Bungalow,1706.0,,31.3,15.97,1.28,227200.0
Apartment,1828.0,3.0,4.5,12.37,1.85,177400.0
Villa,1629.7,4.0,36.5,,2.97,305400.0
Bungalow,1286.9,5.0,7.8,7.23,5.53,214900.0
Bungalow,1835.9,2.0,24.5,0.92,8.63,209400.0
Villa,957.0,,39.4,10.67,,149600.0
Villa,1139.7,3.0,35.3,,6.55,103600.0
Villa,1114.3,2.0,38.3,0.98,9.35,168300.0
Apartment,,4.0,13.7,3.06,5.5,264800.0
Villa,1877.1,3.0,4.2,,9.0,241300.0
Bungalow,1694.9,3.0,7.5,3.35,5.09,257500.0
Townhouse,1928.8,2.0,20.0,10.61,3.5,193200.0
Bungalow,1148.3,3.0,31.7,7.65,9.25,141100.0
Bungalow,1639.4,3.0,6.0,9.07,4.49,199200.0
Apartment,1449.9,3.0,26.4,5.37,5.53,138200.0
Villa,1838.8,,12.9,3.57,3.96,295500.0
Apartment,1453.9,5.0,13.6,0.5,6.97,190000.0
Apartment,1346.0,3.0,26.5,13.64,9.96,71700.0
Bungalow,1716.4,4.0,18.7,13.71,1.23,226900.0
Townhouse,1850.5,3.0,32.5,11.11,9.1,183200.0
Apartment,1232.7,3.0,6.2,,1.04,170100.0
Villa,1475.6,3.0,31.6,2.79,4.28,279500.0
Bungalow,1076.6,3.0,2.6,0.5,2.52,205700.0
Apartment,500.8,3.0,7.8,16.54,7.82,50000.0
Villa,1580.2,3.0,26.2,6.76,1.46,282100.0
Bungalow,1743.6,3.0,,3.66,5.98,197700.0
Bungalow,1604.8,2.0,10.1,1.08,3.65,222700.0
Apartment,720.2,3.0,13.1,0.65,2.2,116100.0
Apartment,1359.7,2.0,21.5,4.29,7.95,156900.0
Bungalow,612.7,2.0,8.5,16.33,,72200.0
Villa,2047.9,5.0,32.4,25.1,3.01,322000.0
Apartment,1065.6,3.0,30.9,22.71,3.48,50000.0
Bungalow,2002.2,3.0,5.8,25.26,6.28,194900.0
Apartment,1878.3,,18.6,23.83,6.94,160400.0
Bungalow,1139.8,5.0,31.0,7.49,1.16,212400.0
Apartment,1046.9,3.0,13.5,2.48,3.18,130800.0
Townhouse,,4.0,25.3,16.0,4.88,175000.0
Apartment,1162.3,,2.0,2.4,3.99,164100.0
Apartment,1541.0,,24.3,3.11,8.96,170100.0
Apartment,1306.9,4.0,,2.66,,195600.0
Apartment,787.5,4.0,33.2,7.24,6.63,62100.0
Townhouse,607.8,,14.2,,4.04,50000.0
Townhouse,1590.7,2.0,11.3,1.67,7.31,181200.0
Apartment,1275.4,2.0,33.6,6.04,8.59,137700.0
Villa,1278.8,2.0,2.0,20.71,6.35,186700.0
Bungalow,1778.3,4.0,,8.45,8.06,242900.0
Townhouse,1969.4,1.0,14.8,21.06,7.74,150600.0
Villa,1391.0,1.0,11.4,2.18,6.15,222000.0
Apartment,1363.8,,36.5,1.83,3.81,113800.0
Villa,1700.1,,30.0,8.57,,197300.0
Bungalow,957.2,,2.6,6.22,2.86,137400.0
Apartment,1589.3,4.0,28.6,10.79,8.02,188200.0
Bungalow,1720.8,3.0,21.1,15.83,8.24,187400.0
Apartment,1772.1,1.0,36.0,13.92,8.4,136800.0
Bungalow,725.3,3.0,12.5,28.52,5.26,70900.0
Apartment,1195.5,3.0,23.0,5.08,,147400.0
Villa,1148.7,2.0,20.0,2.31,,220900.0
Villa,1540.0,,19.6,8.01,7.69,228800.0
Bungalow,1692.3,4.0,18.2,1.17,8.98,275000.0
Apartment,2098.7,4.0,8.2,3.41,,270600.0
Villa,1302.0,4.0,30.2,2.33,2.3,246100.0
Villa,1301.0,1.0,18.1,,9.41,165900.0
Villa,1959.9,5.0,38.3,1.18,9.9,353000.0
Bungalow,,4.0,10.4,0.5,4.9,227200.0
Bungalow,2007.1,5.0,,10.69,6.35,301800.0
Bungalow,1615.5,1.0,37.6,9.42,,94700.0
Apartment,1037.2,5.0,,12.32,,137200.0
Bungalow,,4.0,34.9,10.8,9.71,117100.0
Villa,,,,1.21,2.03,219600.0
Apartment,1764.8,1.0,14.4,3.44,6.23,170800.0
Apartment,1975.4,4.0,24.0,1.39,7.23,279800.0
Apartment,2239.7,5.0,6.3,18.51,9.01,253200.0
Bungalow,,3.0,21.4,13.74,8.87,180000.0
Bungalow,1965.1,3.0,9.2,2.25,9.8,215900.0
Bungalow,1268.0,5.0,29.7,4.18,5.61,200900.0
Villa,1037.4,3.0,21.1,34.0,8.48,103000.0
Villa,1840.0,3.0,16.4,9.02,4.85,260700.0
Apartment,1667.1,3.0,10.8,16.15,4.8,160900.0
Apartment,1543.0,5.0,,,,196400.0
Villa,1654.9,,2.9,2.36,8.36,251800.0
Apartment,1629.3,3.0,1.7,15.32,9.87,158700.0
Apartment,2013.5,3.0,,11.58,3.31,254100.0
Villa,2018.0,,38.8,11.42,1.51,340600.0
Bungalow,1717.7,3.0,39.2,8.04,8.34,179600.0
Townhouse,1838.3,5.0,,8.29,6.58,238700.0
Townhouse,1705.6,5.0,35.2,13.31,9.64,184800.0
Bungalow,1315.5,1.0,8.6,3.15,3.27,139400.0
Villa,1802.6,3.0,,,1.64,310200.0
Bungalow,942.2,1.0,5.7,20.53,5.43,99000.0
Bungalow,1921.6,2.0,4.0,3.69,1.77,261100.0
Apartment,1022.2,3.0,4.5,7.9,3.36,86400.0
Villa,1614.3,5.0,22.9,12.13,2.13,293000.0
Bungalow,,4.0,31.2,50.0,3.02,50000.0
Apartment,1721.4,2.0,14.7,5.71,1.96,211500.0
Villa,1486.4,1.0,39.1,5.59,9.59,209200.0
Villa,862.1,3.0,,18.49,3.51,146800.0
Apartment,1668.3,3.0,6.0,16.37,,156500.0
Apartment,1268.8,2.0,18.6,13.13,9.09,83000.0
Apartment,1852.5,4.0,27.2,6.22,7.1,211800.0
Apartment,1500.5,5.0,33.3,3.91,6.56,175000.0
Apartment,1658.2,,18.4,9.38,7.35,139500.0
Bungalow,,4.0,23.7,20.89,8.46,128500.0
Apartment,1264.3,3.0,10.7,21.52,8.9,73500.0
Villa,1316.5,,25.8,1.15,6.78,257900.0
Apartment,1842.7,3.0,39.4,5.59,9.01,189300.0
Townhouse,2171.0,2.0,2.0,6.25,5.82,253900.0
Apartment,1177.9,5.0,35.5,37.99,3.5,50000.0
Villa,1930.7,3.0,22.5,11.33,8.92,242200.0
Townhouse,632.1,4.0,10.1,5.23,5.87,79900.0
Bungalow,1022.3,3.0,38.2,0.5,9.16,138400.0
Apartment,1116.5,1.0,19.3,8.33,1.36,84300.0
Bungalow,959.0,2.0,13.3,,4.58,130000.0
Villa,866.6,3.0,,17.98,9.53,175800.0
Villa,,3.0,9.8,13.96,3.25,228100.0
Apartment,1414.4,2.0,33.3,6.17,9.47,101600.0
Apartment,1651.8,3.0,24.6,5.61,9.59,203700.0
Bungalow,1776.2,3.0,36.5,22.76,8.94,155000.0
Villa,1606.2,4.0,9.3,3.4,6.07,279500.0
Villa,1763.1,3.0,4.8,2.86,6.82,321700.0
Bungalow,1472.2,5.0,0.2,28.0,8.83,153300.0
Bungalow,1025.2,3.0,20.3,16.57,7.98,89300.0
Apartment,1923.1,3.0,,17.18,6.67,171400.0
Bungalow,1264.4,2.0,27.8,2.17,9.84,128800.0
Apartment,1125.8,2.0,12.3,1.55,7.17,95300.0
Bungalow,1428.8,1.0,35.1,0.5,9.78,146000.0
Bungalow,,3.0,31.3,2.71,1.52,151100.0
Townhouse,1333.0,2.0,0.6,14.88,2.25,136200.0
Apartment,1637.6,2.0,32.7,,5.06,178800.0
Apartment,1639.3,,12.0,13.06,,200800.0
Apartment,1140.9,2.0,6.0,2.9,8.04,135600.0
Apartment,1304.9,2.0,9.1,5.03,2.45,139000.0
Apartment,1929.7,2.0,18.7,40.84,9.78,90600.0
Townhouse,1698.6,4.0,,2.81,3.84,241400.0
Apartment,2330.0,2.0,11.6,4.72,4.86,266800.0
Apartment,1972.1,3.0,6.9,3.58,3.47,234000.0
Bungalow,1957.7,3.0,30.5,1.16,6.21,235800.0
Villa,944.9,3.0,39.6,6.73,1.53,202300.0
Bungalow,1805.5,3.0,31.1,4.76,2.35,208300.0
Apartment,1478.8,4.0,,11.87,7.71,149700.0
Villa,1279.6,1.0,9.8,17.02,2.68,130800.0
Apartment,1567.2,2.0,8.7,7.86,3.12,140900.0
Apartment,1878.1,2.0,5.5,0.5,8.14,191000.0
Townhouse,1700.3,,22.1,9.65,1.84,208600.0
Apartment,,2.0,24.2,0.57,4.94,138000.0
Villa,1797.0,2.0,28.2,9.58,1.21,266900.0
Villa,1245.0,3.0,27.2,11.55,4.12,224300.0
Apartment,1586.7,3.0,11.7,2.2,7.29,201500.0
Townhouse,1378.7,,13.2,17.11,1.81,142100.0
Apartment,1412.5,4.0,27.3,24.2,9.0,69600.0
Bungalow,1806.5,2.0,14.0,16.77,9.19,168600.0
Townhouse,1083.9,2.0,8.5,3.64,,135200.0
Villa,2278.1,,15.0,,9.92,300100.0
Townhouse,771.6,1.0,,24.63,3.68,50000.0
Apartment,1260.9,1.0,3.5,3.87,1.76,141500.0
Villa,1648.1,3.0,,17.15,1.05,259400.0
Apartment,1733.7,5.0,34.1,0.5,4.68,241400.0
Bungalow,1459.8,4.0,8.8,0.5,6.67,237200.0
Townhouse,1477.0,1.0,2.6,14.26,3.99,128600.0
Apartment,1664.2,,,14.33,8.53,161800.0
Bungalow,1407.6,4.0,,15.56,7.45,160200.0
Apartment,2057.3,3.0,15.7,26.6,4.15,165900.0
Villa,1835.7,4.0,2.6,1.25,7.61,351600.0
Villa,1849.1,3.0,9.1,2.64,9.46,255700.0
Townhouse,1113.5,2.0,31.7,23.41,1.84,87700.0
Bungalow,1468.2,3.0,32.2,1.95,,191800.0
Apartment,1379.8,3.0,8.3,11.46,5.17,126400.0
Apartment,1097.8,3.0,13.4,,5.48,120700.0
Apartment,1644.1,3.0,5.4,0.87,5.88,173700.0
Apartment,1284.9,5.0,3.0,3.36,,176400.0
Apartment,,5.0,39.7,7.35,7.01,189500.0
Townhouse,1071.9,4.0,26.2,19.13,6.81,86500.0
Villa,2187.6,4.0,21.7,12.29,6.2,313900.0
Villa,1141.5,5.0,30.6,9.73,2.02,271400.0
Apartment,1587.7,1.0,33.6,6.85,5.29,173000.0
Townhouse,1816.7,2.0,32.3,3.55,4.21,163900.0
Bungalow,1271.7,3.0,0.7,1.27,5.42,202700.0
Apartment,1841.0,4.0,7.5,5.26,9.3,231400.0
Bungalow,1008.3,3.0,26.2,0.5,5.32,161000.0
Villa,2080.8,4.0,15.0,2.37,1.13,357400.0
Apartment,1505.7,2.0,39.3,5.66,4.95,139400.0
Villa,1261.4,2.0,26.6,5.42,8.39,183300.0
Villa,1380.3,4.0,38.3,0.5,8.02,244500.0
Apartment,1823.6,2.0,8.1,8.89,5.62,161400.0
Townhouse,1266.2,3.0,34.6,7.98,3.25,140400.0
Bungalow,1200.3,2.0,12.9,0.81,5.19,134300.0
Bungalow,1411.4,2.0,39.6,28.68,6.07,85200.0
Villa,1029.2,4.0,6.3,1.05,,192200.0
Villa,2228.2,3.0,20.7,19.3,6.8,301100.0
Bungalow,1273.4,3.0,31.7,0.5,7.25,157900.0
Villa,1832.6,1.0,17.3,21.39,5.42,226200.0
Apartment,1583.8,4.0,18.7,0.5,4.19,234100.0
Villa,1106.2,3.0,39.5,14.18,8.32,194000.0
Bungalow,1497.6,3.0,17.0,4.49,5.45,150400.0
Villa,1813.6,4.0,24.2,13.4,9.95,248800.0
Apartment,1424.7,2.0,2.2,5.14,5.11,147900.0
Bungalow,1977.2,,33.7,0.74,1.61,301000.0
Apartment,1908.6,3.0,25.9,14.59,7.14,145700.0
Apartment,1867.6,3.0,16.2,0.74,1.42,223500.0
Apartment,1316.1,2.0,0.6,25.53,3.25,90600.0
Apartment,,5.0,23.7,0.52,4.18,164700.0
Bungalow,1254.6,4.0,0.5,6.53,7.66,187600.0
Villa,1578.5,2.0,0.0,12.84,5.45,248000.0
Apartment,1718.3,2.0,24.6,5.0,1.26,200600.0
Townhouse,631.4,,7.6,2.45,6.55,102300.0
Townhouse,1496.8,3.0,7.7,14.23,4.7,160400.0
Townhouse,1563.2,4.0,26.1,15.34,9.3,164600.0
Apartment,1389.0,3.0,2.1,25.6,,57000.0
Villa,2016.5,4.0,12.5,4.72,7.38,362900.0
Townhouse,1668.7,3.0,6.0,7.06,2.97,165100.0
Bungalow,2024.1,2.0,,4.51,7.85,214800.0
Apartment,1413.6,3.0,26.5,2.97,7.49,148000.0
Apartment,1875.0,,28.8,13.9,9.14,210800.0
Villa,2154.0,2.0,10.2,,1.3,285800.0
Townhouse,2024.7,3.0,3.6,5.59,5.03,248700.0
Villa,1063.1,,3.1,5.17,7.11,222900.0
Villa,,3.0,17.0,12.47,1.86,259400.0
Apartment,1361.9,4.0,37.8,,4.7,86800.0
Bungalow,1695.7,4.0,8.7,10.99,9.48,202200.0
Bungalow,1774.5,1.0,,6.38,4.92,191600.0
Apartment,1164.4,5.0,4.0,15.11,9.87,110100.0
Bungalow,1527.1,4.0,24.2,10.24,1.51,193800.0
Townhouse,692.0,4.0,27.2,0.63,7.46,79900.0
Apartment,,3.0,25.7,1.01,6.23,252100.0
Villa,1295.1,4.0,34.4,0.5,5.5,257300.0
Apartment,1522.3,2.0,19.5,6.1,9.74,145500.0
Bungalow,1376.1,2.0,,17.48,2.17,155600.0
Villa,1958.4,4.0,11.6,,9.06,335800.0
Bungalow,400.0,2.0,26.5,4.85,7.22,58900.0
Bungalow,,1.0,24.5,24.02,3.33,81700.0
Apartment,1457.7,4.0,21.2,18.13,,106400.0
Townhouse,1318.5,4.0,27.3,10.94,4.86,147700.0
Villa,2190.5,2.0,25.5,3.1,8.33,317000.0
Apartment,1145.1,4.0,35.3,1.24,4.5,134600.0
Bungalow,1808.7,,23.4,0.5,8.66,252400.0
Bungalow,,,31.1,1.13,6.73,255800.0
Apartment,2004.6,4.0,9.9,3.46,2.27,269900.0
Townhouse,,3.0,27.1,8.02,,129600.0
Townhouse,1206.8,2.0,36.1,0.66,2.72,160900.0
Apartment,1938.4,2.0,,1.46,4.71,184400.0
Townhouse,1670.1,3.0,31.2,2.0,2.53,214300.0
Apartment,882.0,3.0,29.0,10.0,1.2,111100.0
Apartment,1284.3,4.0,2.4,9.57,2.91,149700.0
Apartment,1654.6,4.0,23.3,8.0,5.83,165100.0
Townhouse,1835.1,3.0,5.2,2.88,5.33,228900.0
Bungalow,1228.3,4.0,38.7,,5.51,170900.0
Apartment,400.0,2.0,32.5,1.02,3.23,50000.0
Villa,1709.3,1.0,4.4,2.57,7.17,303400.0
Bungalow,1011.9,4.0,4.9,22.8,7.34,91600.0
Apartment,693.1,1.0,23.8,38.97,4.22,50000.0
Townhouse,400.0,,13.8,10.43,8.93,50000.0
Bungalow,1825.6,3.0,1.4,24.87,6.8,199700.0
Villa,1551.4,3.0,21.7,10.29,,240100.0
Townhouse,1409.7,4.0,15.5,0.5,3.5,215600.0
Villa,2055.6,2.0,4.0,50.0,1.01,183200.0
Townhouse,1754.9,1.0,32.1,1.04,8.79,201000.0
Bungalow,2146.5,,36.6,11.48,8.4,232500.0
Bungalow,942.9,3.0,30.3,2.91,2.11,166800.0
Apartment,1486.2,,32.9,4.98,,171800.0
Townhouse,853.3,3.0,8.7,10.38,6.95,100600.0
Villa,1408.2,4.0,10.5,5.74,6.87,241600.0
Apartment,1400.6,5.0,8.3,2.88,8.74,175500.0
Apartment,1750.6,2.0,30.6,4.07,2.26,220500.0
Villa,1518.2,3.0,37.9,4.18,4.87,287400.0
Villa,1749.4,3.0,28.7,32.02,1.88,194100.0
Bungalow,1781.4,5.0,35.3,16.03,4.51,230000.0
Townhouse,2362.0,5.0,25.5,6.14,1.14,314100.0
Apartment,1373.9,2.0,15.5,2.23,9.08,120200.0
Bungalow,1123.6,4.0,17.0,16.66,5.74,139100.0
Apartment,1598.4,3.0,3.0,1.71,8.65,208400.0
Townhouse,1179.1,,1.3,2.36,1.54,151600.0
Bungalow,2092.8,,,4.56,3.05,240000.0
Villa,1386.7,3.0,17.5,21.23,3.33,215900.0
Bungalow,1273.8,3.0,22.1,,4.48,177500.0
Apartment,1311.5,1.0,22.3,1.3,,122700.0
Villa,1787.4,3.0,11.1,6.81,4.48,323500.0
Bungalow,1436.9,2.0,19.0,3.24,2.84,150300.0
Villa,1243.3,3.0,18.8,,1.58,249200.0
Apartment,2166.1,2.0,15.5,6.01,1.72,216500.0
Villa,1157.5,2.0,32.8,5.71,7.84,208600.0
Bungalow,1514.2,3.0,18.0,1.19,5.0,201400.0
Apartment,1760.9,2.0,,1.52,7.54,160200.0
Apartment,847.5,3.0,35.8,17.21,7.14,52500.0
Bungalow,1692.1,2.0,34.6,21.71,2.22,169000.0
Bungalow,1078.0,3.0,35.6,2.67,2.29,139400.0
Apartment,1829.1,2.0,10.8,1.2,7.8,174200.0
Apartment,1114.9,3.0,1.4,0.55,,132700.0
Apartment,1777.1,4.0,10.4,,4.4,188300.0
Apartment,1942.3,2.0,11.1,12.57,1.7,181800.0
Villa,,3.0,36.4,,1.11,312000.0
Bungalow,1600.5,1.0,26.0,,3.59,146200.0
Bungalow,1407.5,3.0,3.3,12.48,1.08,199000.0
Bungalow,,2.0,5.4,27.39,3.07,135000.0
Apartment,2088.4,3.0,6.2,0.67,4.78,258400.0
Bungalow,1220.2,3.0,25.2,2.14,2.09,186600.0
Villa,1085.2,5.0,29.4,0.71,1.94,301000.0
Townhouse,1766.1,3.0,34.4,20.25,9.07,118900.0
Bungalow,1181.5,,37.6,15.73,6.27,139500.0
Apartment,1120.0,3.0,8.1,8.55,9.41,123500.0
Bungalow,922.6,5.0,12.4,0.87,4.11,197500.0
Apartment,1306.8,4.0,9.6,3.19,7.09,189900.0
Bungalow,1466.9,2.0,14.4,3.53,2.84,202500.0
Apartment,1597.2,4.0,36.6,8.23,6.57,160700.0
Apartment,1880.5,3.0,23.0,2.98,2.17,253400.0
Townhouse,1710.8,4.0,29.5,0.76,1.02,266800.0
Apartment,1423.7,4.0,19.6,13.12,,156300.0
Bungalow,1420.7,2.0,1.2,3.55,5.99,186200.0
Apartment,1704.1,4.0,,,9.34,183400.0
Bungalow,2009.0,2.0,21.5,1.37,,264000.0
Bungalow,1550.5,2.0,28.8,16.22,3.95,176000.0
Villa,1312.3,2.0,8.6,,4.61,240200.0
Apartment,1102.9,4.0,28.9,23.19,7.35,60300.0
Apartment,921.9,2.0,32.4,6.84,6.09,75900.0
Apartment,1766.5,1.0,,28.37,9.33,60100.0
Apartment,1731.2,4.0,29.9,22.24,1.23,190900.0
Bungalow,1730.9,2.0,16.2,,7.37,178700.0
Townhouse,1448.5,2.0,27.1,27.16,3.97,108600.0
Townhouse,2062.8,2.0,30.6,3.9,2.62,217100.0
Bungalow,1306.4,3.0,39.7,4.55,5.59,186500.0
Bungalow,1882.1,3.0,13.8,0.5,5.55,266700.0
Bungalow,,1.0,16.4,8.9,2.23,153700.0
Apartment,1256.7,5.0,6.6,12.8,2.82,176700.0
Townhouse,1737.0,4.0,8.2,14.85,4.67,189300.0
Bungalow,1663.9,2.0,27.7,1.62,4.68,227200.0
Villa,1642.8,2.0,36.7,5.87,3.86,250300.0
Apartment,1532.5,3.0,15.8,1.95,2.34,161400.0
Villa,1484.8,3.0,7.2,10.85,1.04,243200.0
Villa,2455.3,2.0,11.4,1.72,9.73,346200.0
Townhouse,1973.7,2.0,18.2,23.45,9.49,176800.0
Villa,1789.1,4.0,11.6,2.62,5.35,337700.0
Apartment,1544.7,2.0,9.3,3.44,9.96,183000.0
Townhouse,1902.9,3.0,29.4,19.03,7.06,206400.0
Apartment,1707.2,4.0,0.3,6.13,1.62,219100.0
Villa,1510.5,3.0,21.6,0.5,,282000.0
Apartment,1378.6,2.0,31.8,,9.24,103900.0
Bungalow,1467.6,3.0,10.6,0.88,6.67,193100.0
Townhouse,,1.0,24.1,42.23,8.59,50000.0
Apartment,1584.2,4.0,26.8,8.87,9.08,163500.0
Townhouse,1304.6,3.0,26.2,2.96,5.03,133700.0
Apartment,2137.1,4.0,17.8,,,266200.0
Townhouse,1507.7,5.0,13.9,0.8,2.69,278100.0
Bungalow,1024.4,5.0,33.4,16.09,1.6,136400.0
Bungalow,1480.0,5.0,30.3,25.95,2.7,172700.0
Apartment,1081.6,3.0,12.9,20.75,,95500.0
Townhouse,,3.0,4.1,4.18,2.06,230500.0
Bungalow,1616.4,3.0,2.9,3.94,2.5,241500.0
Apartment,1883.1,3.0,3.8,0.5,,230300.0
Bungalow,1183.6,4.0,23.3,10.54,,157900.0
Apartment,1513.6,2.0,2.1,7.66,5.21,137600.0
Townhouse,954.0,5.0,13.5,,4.86,161800.0
Apartment,1780.6,4.0,30.1,23.82,6.8,115100.0
Bungalow,1707.5,5.0,11.8,1.84,9.43,270200.0
Villa,1698.3,4.0,30.5,0.5,1.97,291100.0
Apartment,1500.6,2.0,29.8,0.76,1.89,194600.0
Apartment,1665.9,2.0,9.8,,8.68,165600.0
Apartment,2141.7,2.0,29.2,0.5,5.56,214000.0
Villa,1386.0,2.0,29.9,6.99,7.9,220400.0
Apartment,1555.5,3.0,15.9,3.77,2.94,209200.0
Villa,1065.5,4.0,8.4,1.99,8.46,215100.0
Apartment,1152.7,4.0,20.9,13.87,9.31,113400.0
Apartment,1539.1,3.0,36.9,,6.72,121800.0
Bungalow,1941.6,1.0,25.6,,1.95,186100.0
Apartment,1397.5,2.0,6.9,4.3,9.06,161000.0
Townhouse,1405.6,1.0,27.3,7.17,8.13,111500.0
Townhouse,1337.2,3.0,17.1,27.16,,50000.0
Bungalow,1286.1,3.0,23.7,0.5,1.33,186700.0
Villa,1618.0,1.0,29.4,6.94,8.19,202400.0
Townhouse,901.1,2.0,20.6,19.27,2.24,57700.0
Apartment,2012.4,2.0,32.6,8.87,,199200.0
Apartment,1233.8,3.0,28.9,3.24,6.19,137700.0
Apartment,1788.8,3.0,24.6,5.07,3.38,207200.0
Bungalow,992.0,3.0,6.0,11.4,6.95,146200.0
Apartment,1767.5,3.0,33.4,22.15,6.47,146600.0
Villa,1768.8,5.0,37.4,0.5,1.97,348300.0
Townhouse,1653.7,2.0,5.5,0.74,6.9,219200.0
Townhouse,1102.2,3.0,,3.93,9.32,110700.0
Villa,1599.8,4.0,10.4,2.65,2.45,283800.0
Apartment,1026.8,3.0,30.2,3.08,6.37,132500.0
Bungalow,1398.9,5.0,28.9,2.5,4.08,227300.0
Villa,1911.8,3.0,5.6,2.18,,327300.0
Apartment,1818.7,3.0,35.1,,3.58,204500.0
Apartment,1506.1,1.0,7.2,27.17,4.19,71500.0
Townhouse,1110.1,3.0,31.9,1.56,1.26,169500.0
Bungalow,1758.2,2.0,18.3,2.29,9.83,225300.0
Bungalow,1507.8,2.0,13.1,2.83,6.62,205100.0
Townhouse,571.9,3.0,6.3,27.03,5.51,50000.0
Villa,1813.1,3.0,6.7,,4.45,290500.0
Villa,1490.3,1.0,26.5,15.59,5.85,193000.0
Villa,1981.0,3.0,22.0,1.11,4.42,327200.0
Apartment,1061.9,3.0,4.9,18.1,,112900.0
Villa,400.0,2.0,4.5,5.25,5.18,111800.0
Bungalow,1611.6,3.0,2.9,3.05,,241300.0
Bungalow,1616.6,4.0,29.8,8.57,2.62,206800.0
Townhouse,823.7,3.0,28.5,17.27,6.01,50000.0
Villa,1108.6,3.0,2.3,15.08,8.58,172600.0
Bungalow,2602.1,2.0,,22.07,2.38,259200.0
Bungalow,1377.8,3.0,3.4,26.33,1.29,160400.0
Villa,1792.4,5.0,36.1,2.72,3.22,304000.0
Bungalow,,3.0,36.3,5.51,9.82,141800.0
Apartment,663.9,1.0,27.9,0.5,8.46,50000.0
Villa,,3.0,37.0,21.15,6.36,153200.0
Apartment,1393.8,4.0,32.5,1.68,9.36,149700.0
Apartment,1340.0,1.0,33.1,19.77,5.01,75000.0
Villa,1454.1,5.0,22.8,4.0,9.85,275300.0
Bungalow,1605.7,5.0,12.2,4.59,3.67,249000.0
Townhouse,1440.0,1.0,,0.5,3.16,182800.0
Bungalow,994.4,5.0,13.1,3.96,6.74,166800.0
Bungalow,1694.5,3.0,25.1,21.93,4.4,172700.0
Villa,720.3,4.0,6.9,0.5,6.64,200000.0
Bungalow,679.9,3.0,10.3,5.21,,129400.0
Apartment,1795.7,3.0,18.7,0.5,6.56,199900.0
Apartment,1702.8,3.0,9.3,4.64,3.48,197100.0
Apartment,1477.0,4.0,23.5,1.9,1.46,190600.0
Villa,941.8,1.0,36.9,2.91,9.21,137400.0
Apartment,1216.8,3.0,29.9,21.0,8.95,95800.0
Apartment,1394.9,2.0,26.7,5.73,9.74,129300.0
Apartment,861.6,2.0,23.3,,7.45,50000.0
Townhouse,1204.4,2.0,19.5,8.9,7.14,97500.0
Apartment,1760.9,3.0,7.5,1.53,6.03,221300.0
Villa,2070.9,2.0,35.8,3.0,2.13,305000.0
Apartment,,2.0,9.9,7.9,2.7,125900.0
Bungalow,1802.6,2.0,3.7,2.71,3.61,268800.0
Apartment,734.4,1.0,30.0,11.37,9.01,50000.0
Apartment,1763.8,3.0,,6.76,,231700.0
Villa,1178.4,5.0,14.9,14.78,9.31,232500.0
Apartment,1622.9,2.0,1.1,29.61,5.71,87900.0
Apartment,1400.9,5.0,,1.23,7.44,179100.0
Apartment,2028.2,4.0,6.9,4.07,1.99,264200.0
Apartment,1150.2,3.0,2.2,3.85,3.42,124900.0
Apartment,1751.0,3.0,26.3,1.64,9.63,191000.0
Apartment,1388.2,4.0,33.5,16.62,3.4,132300.0
Bungalow,1436.7,2.0,14.9,,3.67,164700.0
Villa,1426.5,,35.0,6.62,2.78,275600.0
Villa,1161.7,3.0,8.5,7.72,2.16,244700.0
Apartment,1494.4,3.0,,0.61,3.1,203400.0
Townhouse,1474.9,4.0,6.0,8.11,6.78,143200.0
Apartment,1596.5,1.0,24.8,15.67,5.1,125600.0
Apartment,1533.8,3.0,16.8,8.53,5.98,195600.0
Bungalow,1819.2,3.0,24.5,3.08,,193200.0
Apartment,1869.4,,30.5,11.01,8.22,192000.0
Apartment,1079.8,2.0,21.8,4.49,,89800.0
Villa,1847.5,3.0,25.1,7.87,1.19,288800.0
Townhouse,1025.5,4.0,37.4,6.69,4.45,142500.0
Villa,1735.1,3.0,12.0,4.8,1.62,340500.0
Bungalow,1747.9,4.0,14.4,12.69,8.13,227500.0
Townhouse,735.5,3.0,28.7,21.53,7.64,50000.0
Apartment,1537.2,2.0,24.5,0.5,9.12,135400.0
Apartment,1312.6,1.0,7.1,27.12,3.13,68000.0
Apartment,,1.0,15.0,7.16,5.11,116600.0
Villa,2040.3,3.0,18.7,12.06,2.66,305900.0
Villa,1238.5,2.0,16.8,19.35,4.34,169000.0
Townhouse,1177.4,4.0,7.1,6.29,5.7,212500.0
Bungalow,1530.3,4.0,37.0,18.02,,206700.0
Bungalow,1774.2,1.0,,1.96,7.43,220100.0
Apartment,1443.3,2.0,19.3,1.73,5.89,125600.0
Bungalow,1966.5,2.0,,10.71,8.46,192300.0
Townhouse,1712.4,3.0,35.9,20.41,3.45,159000.0
Bungalow,628.7,2.0,5.4,22.3,9.13,50000.0
Apartment,1288.2,2.0,10.0,10.32,9.99,130700.0
Bungalow,1275.3,5.0,21.7,7.45,9.27,206000.0
Apartment,1691.7,4.0,32.0,4.03,8.0,182200.0
Apartment,450.1,2.0,1.5,39.12,8.31,50000.0
Apartment,2519.6,3.0,39.4,3.85,6.16,281400.0
Bungalow,1712.4,3.0,18.2,13.63,2.71,261400.0
Bungalow,1559.6,4.0,14.4,7.59,,211700.0
Apartment,1972.6,3.0,11.7,9.38,7.41,219600.0
Apartment,2437.5,2.0,7.0,5.0,9.87,282500.0
Villa,1848.3,4.0,31.7,33.47,5.87,247600.0
Apartment,1879.5,3.0,38.2,,,212500.0
Apartment,1552.3,2.0,16.5,27.77,7.15,83300.0
Villa,1443.4,3.0,38.1,0.5,9.81,248700.0
Bungalow,1309.7,3.0,33.0,,2.59,153500.0
Apartment,1169.6,2.0,19.2,12.63,3.93,100200.0
Apartment,1225.2,2.0,27.0,13.67,5.88,66800.0
Apartment,959.8,3.0,17.4,23.54,2.53,50000.0
Townhouse,1469.7,1.0,22.3,0.5,1.2,174900.0
Bungalow,826.1,4.0,2.3,0.5,4.03,185600.0
Bungalow,1576.4,2.0,27.9,6.39,,189400.0
Apartment,1485.5,1.0,2.1,,1.39,173500.0
Villa,1558.8,3.0,32.7,36.7,4.86,201100.0
Apartment,1291.1,4.0,33.0,2.51,7.86,138100.0
Bungalow,2730.7,4.0,9.5,6.4,9.58,307100.0
Townhouse,2044.0,3.0,12.9,0.63,9.87,198800.0
Bungalow,1002.2,2.0,19.3,7.38,4.8,95700.0
Townhouse,1593.1,4.0,23.9,4.78,9.55,203000.0
Bungalow,1256.8,3.0,11.5,0.5,1.32,190600.0
Apartment,1094.2,2.0,23.7,4.08,7.71,105600.0
Townhouse,964.0,5.0,11.9,4.97,6.78,175600.0
Apartment,1672.9,2.0,2.2,45.97,3.25,50000.0
Villa,1227.4,5.0,0.1,2.33,5.57,282500.0
Apartment,1887.1,4.0,4.0,7.87,2.17,252900.0
Apartment,1897.5,3.0,31.7,43.67,8.84,63300.0
Villa,2049.6,5.0,38.5,15.7,4.22,344800.0
Apartment,1159.0,4.0,17.1,50.0,6.63,50000.0
Villa,1690.1,2.0,20.5,34.51,2.43,181600.0
Villa,1753.0,3.0,5.9,6.72,2.86,343000.0
Apartment,1310.3,1.0,22.0,11.92,9.93,86200.0
Apartment,,3.0,5.8,1.17,7.78,158900.0
Villa,2143.8,4.0,24.4,5.82,9.66,356100.0
Apartment,1591.0,3.0,37.3,16.56,,129900.0
Bungalow,1754.4,2.0,7.8,7.04,2.48,250600.0
Bungalow,1171.2,3.0,,12.13,5.53,121700.0
Bungalow,1012.3,4.0,0.9,13.69,5.45,127300.0
Bungalow,1272.2,1.0,15.0,2.92,2.57,155700.0
Villa,1450.4,3.0,4.4,20.85,7.6,191500.0
Bungalow,1074.3,2.0,14.1,6.16,4.26,152800.0
Apartment,1496.1,3.0,6.9,2.36,2.68,198600.0
Apartment,,2.0,14.9,20.06,3.99,50000.0
Bungalow,1052.0,3.0,16.7,5.41,6.07,155900.0
Villa,1768.4,,12.0,13.88,7.54,238900.0
Bungalow,,2.0,26.3,7.94,5.34,194100.0
Bungalow,1343.2,5.0,36.8,4.81,5.73,201400.0
Townhouse,1092.9,1.0,16.0,16.6,2.25,88600.0
Townhouse,1089.0,,7.7,8.78,9.23,116400.0
Villa,1350.7,,10.8,4.95,9.36,192100.0
Apartment,1757.8,3.0,34.2,1.16,7.15,213700.0
Villa,1871.3,3.0,22.9,22.58,1.16,261300.0
Apartment,,2.0,18.2,0.5,5.83,129100.0
Bungalow,1038.6,2.0,6.0,,6.66,56000.0
Bungalow,1607.1,3.0,18.0,4.46,9.95,215300.0
Bungalow,1170.6,3.0,11.1,10.2,9.96,129700.0
Apartment,1292.7,4.0,37.7,25.54,8.72,79000.0
Apartment,2030.1,3.0,35.4,1.65,1.57,270600.0
Villa,1830.8,3.0,3.4,8.37,,270000.0
Apartment,1563.2,2.0,20.7,14.46,6.51,100300.0
Townhouse,991.2,2.0,9.0,14.17,8.21,70500.0
Apartment,1584.6,2.0,16.4,7.46,4.66,167100.0
Apartment,1925.1,2.0,35.1,,,183300.0
Apartment,1349.7,2.0,21.1,14.17,5.17,137700.0
Bungalow,2040.4,3.0,,18.39,2.32,189000.0
Bungalow,2017.1,3.0,8.3,14.35,4.21,265400.0
Apartment,2165.5,5.0,32.0,4.37,8.72,276700.0
Apartment,1622.1,2.0,25.0,50.0,1.34,55900.0
Villa,1735.0,3.0,18.7,5.7,2.36,230600.0
Apartment,2065.7,4.0,,0.5,2.13,309200.0
Bungalow,1679.0,3.0,13.4,4.5,4.63,207200.0
Bungalow,1299.5,2.0,38.4,1.37,9.97,132600.0
Apartment,1320.6,,20.8,1.29,2.56,150600.0
Apartment,1595.4,1.0,16.0,3.31,2.31,177400.0
Townhouse,,2.0,20.9,0.55,9.24,111800.0
Villa,,4.0,31.2,11.66,8.94,244600.0
Bungalow,1938.6,1.0,13.6,0.77,1.29,269700.0
Apartment,623.5,2.0,7.1,2.27,7.77,58400.0
Villa,2113.8,4.0,,0.98,6.9,359700.0
Apartment,1948.9,4.0,26.6,0.65,7.91,215200.0
Villa,,,28.5,3.12,5.45,222500.0
Townhouse,1717.4,3.0,35.3,8.48,9.92,186200.0
Apartment,1501.3,3.0,14.8,33.43,1.39,118700.0
Apartment,1992.0,2.0,3.0,20.84,3.11,197100.0
Apartment,1893.1,3.0,38.3,20.87,4.57,151800.0
Apartment,940.0,3.0,17.4,1.94,5.05,131300.0
Apartment,1734.9,5.0,24.9,,9.29,191100.0
Apartment,1417.7,1.0,26.7,0.79,6.04,156800.0
Bungalow,1533.1,3.0,21.9,15.07,1.41,182000.0
Villa,1208.7,2.0,8.2,0.72,4.67,263800.0
Apartment,2199.3,3.0,30.2,8.13,4.75,210000.0
Townhouse,1916.0,1.0,32.2,2.85,9.69,216800.0
Apartment,,2.0,22.1,2.79,6.39,112300.0
Townhouse,966.2,4.0,19.5,46.8,6.72,50000.0
Apartment,1345.7,3.0,4.6,14.14,7.42,126000.0
Townhouse,1673.8,3.0,3.4,18.14,7.93,144100.0
Bungalow,1596.1,2.0,13.6,8.49,6.72,180900.0
Bungalow,2001.3,2.0,12.4,20.48,3.13,195200.0
Townhouse,1816.0,3.0,38.1,10.37,8.87,163300.0
Apartment,1887.8,4.0,31.3,29.22,7.59,152600.0
Townhouse,1630.7,5.0,26.4,3.3,7.68,198800.0
Apartment,944.3,3.0,,9.05,9.97,55600.0
Apartment,1421.7,3.0,6.7,11.72,8.22,106800.0
Apartment,1924.0,4.0,39.1,4.99,8.46,202400.0
Villa,1479.4,3.0,15.0,21.18,9.56,219500.0
Apartment,1701.2,,4.3,39.02,2.36,93600.0
Villa,1372.5,2.0,19.8,6.81,5.48,207800.0
Villa,1088.1,4.0,35.0,4.95,6.23,217200.0
Bungalow,1450.7,3.0,35.5,6.39,3.96,178900.0
Bungalow,1623.6,4.0,0.4,19.16,8.55,227500.0
Villa,1237.7,4.0,35.5,10.37,7.86,205000.0
Apartment,1405.7,2.0,10.9,0.5,7.49,158500.0
Apartment,1124.2,4.0,1.6,7.81,9.97,139700.0
Apartment,1947.7,4.0,33.9,0.5,3.33,270400.0
Apartment,1382.2,2.0,34.6,,7.62,97500.0
Apartment,2081.1,2.0,23.8,3.98,5.96,218800.0
Apartment,,1.0,23.0,6.39,3.82,252900.0
Townhouse,1467.6,3.0,32.5,16.03,2.45,145000.0
Villa,1096.6,3.0,31.5,0.5,9.06,194300.0
Apartment,665.6,3.0,35.6,1.73,6.36,53500.0
Villa,911.2,2.0,22.1,5.07,8.42,124900.0
Apartment,950.5,4.0,38.7,2.61,5.91,129700.0
Villa,2051.4,2.0,39.8,4.12,2.98,265000.0
Bungalow,1546.3,,4.7,50.0,,66900.0
Villa,1655.8,3.0,34.0,17.45,4.43,232500.0
Villa,611.8,3.0,20.0,21.53,9.76,129600.0
Townhouse,1020.8,2.0,15.5,27.65,1.05,50000.0
Townhouse,1854.8,2.0,24.5,4.17,9.87,170300.0
Bungalow,1614.7,2.0,2.2,3.53,,190100.0
Villa,1441.1,4.0,20.3,2.67,9.97,250900.0
Bungalow,1725.9,4.0,34.8,17.73,5.29,184400.0
Apartment,2154.3,3.0,8.5,11.38,9.67,214800.0
Apartment,1411.6,4.0,17.1,2.69,4.56,159300.0
Apartment,,4.0,37.6,4.73,1.24,202500.0
Villa,1577.0,2.0,17.1,7.07,3.02,211000.0
Villa,2456.8,5.0,14.3,7.51,,381600.0
Apartment,660.3,4.0,17.6,21.96,,50000.0
Townhouse,1773.3,2.0,20.8,4.79,5.91,214700.0
Townhouse,1454.1,2.0,25.3,23.92,1.68,148500.0
Bungalow,,2.0,32.0,5.82,,202800.0
Villa,1237.1,2.0,18.1,13.72,1.79,228900.0
Townhouse,1480.4,4.0,32.7,26.63,8.74,100100.0
Apartment,1784.6,3.0,21.3,,6.32,122500.0
Bungalow,2745.2,4.0,13.5,0.59,9.12,399300.0
Apartment,1823.2,4.0,26.3,2.3,,230300.0
Bungalow,1160.8,,28.7,6.48,9.74,131600.0
Apartment,1330.5,3.0,22.3,5.65,5.59,157900.0
Townhouse,1318.6,1.0,2.3,10.24,,119800.0
Townhouse,781.7,2.0,6.8,,6.19,50000.0
Apartment,1368.0,3.0,11.4,1.19,,141900.0
Villa,,1.0,11.3,6.01,8.61,246600.0
Townhouse,,1.0,26.9,2.14,6.8,99200.0
Villa,1919.4,4.0,0.7,22.45,8.21,267300.0
Townhouse,1695.1,3.0,30.2,33.4,,118800.0
Villa,1206.3,2.0,10.6,6.51,2.72,226700.0
Apartment,1443.4,3.0,12.4,1.1,6.85,153700.0
Apartment,2139.3,4.0,21.1,15.38,2.8,212400.0
Apartment,1793.4,2.0,8.6,11.94,6.25,166900.0
Bungalow,1503.5,1.0,35.4,4.38,7.1,145700.0
Apartment,,5.0,,21.84,9.98,133200.0
Villa,1530.6,2.0,17.8,37.23,1.27,153600.0
Villa,1295.3,2.0,34.0,8.16,1.82,204400.0
Villa,658.1,3.0,24.6,8.34,1.69,181000.0
Townhouse,2316.9,4.0,11.7,3.53,4.59,306200.0
Townhouse,1562.1,2.0,16.8,8.78,8.39,135100.0
Villa,1659.3,2.0,28.3,5.79,8.6,243500.0
Bungalow,1476.8,2.0,38.9,3.6,7.63,194000.0
Bungalow,1206.0,5.0,35.7,0.7,9.07,189400.0
Villa,1425.6,,13.7,2.91,3.91,261700.0
Townhouse,860.2,3.0,39.9,2.2,1.79,99500.0
Apartment,2410.8,5.0,0.1,7.81,1.52,345300.0
Apartment,1006.2,2.0,1.1,9.2,8.67,124300.0
Townhouse,1087.2,5.0,33.0,9.38,7.57,114700.0
Villa,1323.9,5.0,8.0,4.91,7.29,242300.0
Bungalow,2015.2,4.0,2.4,5.47,4.06,291500.0
Townhouse,1505.8,2.0,9.5,17.97,4.42,151900.0
Apartment,1005.5,3.0,17.0,6.47,9.62,87400.0
Townhouse,2001.7,4.0,29.2,44.04,1.57,126100.0
Villa,1792.4,5.0,25.0,5.79,7.96,306200.0
Villa,1715.4,2.0,9.5,10.49,3.79,276400.0
Bungalow,1786.3,4.0,20.1,0.52,,269200.0
Townhouse,2457.7,2.0,37.0,10.59,7.68,256100.0
Apartment,2374.0,2.0,32.6,19.07,3.98,238700.0
Villa,1225.3,3.0,12.9,28.55,7.5,154700.0
Bungalow,2149.6,4.0,39.3,50.0,7.37,138300.0
Bungalow,1653.3,3.0,28.3,3.32,5.81,232600.0
Bungalow,1699.6,3.0,2.5,8.57,,192900.0
Apartment,823.1,,1.4,5.99,6.23,101100.0
Apartment,1431.8,3.0,6.7,8.3,3.58,158900.0
Apartment,1174.9,3.0,29.1,1.71,7.61,116000.0
Bungalow,1831.2,3.0,7.3,19.39,6.3,181700.0
Apartment,1928.4,3.0,20.5,24.03,1.11,216200.0
Apartment,,3.0,3.7,5.97,9.11,102700.0
Townhouse,1491.2,5.0,36.8,3.29,5.91,195000.0
Apartment,1948.7,3.0,13.8,1.52,,223900.0
Townhouse,1425.3,4.0,36.3,11.51,,138800.0
Bungalow,1791.6,1.0,37.8,3.74,5.0,222000.0
Bungalow,,2.0,0.2,24.03,5.57,178500.0
Apartment,1636.7,3.0,18.6,11.12,4.74,134200.0
Apartment,,1.0,1.0,10.38,5.04,129700.0
Bungalow,1013.4,,36.3,8.2,,66500.0
Bungalow,1051.4,3.0,20.7,,,182100.0
Bungalow,1783.7,1.0,3.0,,2.14,167200.0
Apartment,1507.8,2.0,4.4,9.89,6.49,126600.0
Bungalow,1444.6,3.0,,50.0,9.96,50000.0
Bungalow,1330.4,3.0,37.6,7.71,6.36,151500.0
Bungalow,1377.9,5.0,27.7,12.38,8.07,187600.0
Bungalow,1918.8,3.0,34.7,0.58,7.92,265300.0
Bungalow,1365.9,3.0,14.7,9.99,4.15,152000.0
Bungalow,963.6,5.0,1.7,14.47,4.35,185700.0
Apartment,1797.5,4.0,39.0,15.07,7.52,203000.0
Villa,1418.0,2.0,0.7,14.7,5.5,196200.0
Apartment,1512.6,2.0,,2.57,6.14,151700.0
Villa,,3.0,14.7,37.05,7.42,268200.0
Villa,1491.8,3.0,,50.0,8.0,146500.0
Apartment,,4.0,27.6,0.79,3.44,207200.0
Apartment,1028.4,4.0,39.2,27.56,,78100.0
Apartment,1412.1,3.0,38.6,3.42,3.63,220300.0
Bungalow,1743.8,5.0,6.4,11.69,,245800.0
Townhouse,,3.0,7.2,4.13,4.08,105400.0
Apartment,,2.0,22.6,34.34,6.12,74300.0
Townhouse,1540.3,4.0,25.5,1.07,1.48,227900.0
Villa,1516.5,2.0,29.6,6.89,5.59,223700.0
Apartment,1914.9,4.0,7.2,5.59,4.31,251000.0
Apartment,1633.8,5.0,38.4,3.95,5.81,181700.0
Villa,2091.2,3.0,25.5,10.37,4.8,299600.0
Bungalow,,3.0,,1.4,3.56,177100.0
Bungalow,1554.4,3.0,21.6,12.61,,131200.0
Apartment,1533.8,3.0,,39.42,,99900.0
Apartment,1072.3,3.0,39.1,16.32,7.13,50000.0
Villa,1882.5,3.0,23.3,19.66,9.32,208400.0
Apartment,2429.9,4.0,34.7,4.46,5.85,277500.0
Apartment,1493.2,3.0,38.1,3.93,8.89,153500.0
Apartment,1702.0,2.0,27.0,7.28,2.12,206900.0
Bungalow,1533.8,3.0,22.0,0.5,5.44,215900.0
Townhouse,1214.6,4.0,0.1,29.07,5.11,93100.0
Villa,771.7,3.0,1.6,1.55,1.07,219500.0
Townhouse,1217.7,3.0,8.0,23.33,4.99,79800.0
Apartment,943.2,4.0,7.4,0.87,4.32,142400.0
Villa,2181.6,3.0,10.2,17.29,7.03,277700.0
Apartment,1454.0,3.0,12.2,1.65,9.44,162300.0
Bungalow,1361.6,4.0,14.4,0.5,1.77,225000.0
Townhouse,1855.7,2.0,16.8,12.71,3.95,174300.0
Bungalow,1051.3,5.0,4.0,3.29,,192600.0
Apartment,1193.3,2.0,1.7,12.53,5.1,107500.0
Bungalow,1527.2,1.0,27.0,8.1,7.97,172100.0
Apartment,1911.5,4.0,21.5,1.15,4.99,213100.0
Townhouse,1700.7,2.0,17.8,26.9,1.24,138000.0
Villa,1599.3,4.0,25.4,6.02,7.39,256400.0
Villa,1531.2,4.0,33.1,13.26,8.96,249000.0
Villa,1660.1,4.0,17.1,6.95,5.63,302400.0
Bungalow,1580.7,5.0,25.6,9.27,6.23,229300.0
Apartment,1088.0,2.0,,3.61,2.47,96700.0
Bungalow,1518.4,4.0,33.6,2.24,2.99,244400.0
Apartment,1070.5,2.0,17.0,,3.12,73400.0
Bungalow,1532.4,,25.8,5.8,4.88,164400.0
Bungalow,1307.7,4.0,7.1,4.94,9.35,155600.0
Bungalow,2515.8,3.0,22.4,11.16,,298700.0
Villa,1484.0,3.0,39.3,11.73,2.73,250800.0
Villa,938.3,3.0,20.7,0.5,,152700.0
Apartment,1446.3,3.0,37.1,4.14,4.46,186200.0
Bungalow,1707.7,5.0,16.3,,6.61,252000.0
Apartment,2169.3,1.0,40.0,1.02,4.96,191100.0
Villa,,3.0,23.2,2.69,4.53,240900.0
Apartment,867.0,4.0,1.7,0.53,6.08,149100.0
Apartment,1826.7,3.0,,50.0,,91700.0
Bungalow,947.8,1.0,11.0,13.34,1.71,118400.0
Apartment,1325.5,3.0,1.3,0.92,1.22,158400.0
Bungalow,1397.0,2.0,32.8,0.5,3.26,178400.0
Apartment,1472.1,2.0,11.0,12.7,1.82,127300.0
Apartment,1775.7,4.0,31.9,5.78,4.03,248000.0
Villa,1226.5,3.0,11.5,15.46,7.96,201000.0
Apartment,1390.5,5.0,7.8,25.7,7.45,178000.0
Apartment,1494.3,4.0,39.0,9.15,6.5,147000.0
Bungalow,1559.8,3.0,14.5,2.07,8.67,189500.0
Apartment,1539.1,1.0,24.1,15.24,3.54,114900.0
Bungalow,1674.4,3.0,24.4,31.19,8.97,151800.0
Apartment,1837.5,,22.4,8.68,4.59,177600.0
Apartment,1657.1,5.0,36.6,11.46,4.61,195200.0
Bungalow,1681.4,2.0,27.0,4.12,4.65,209200.0
Apartment,867.1,2.0,16.1,4.81,1.88,94800.0
Apartment,1520.1,3.0,34.5,13.27,9.78,108200.0
Apartment,1691.8,2.0,7.2,26.28,2.25,128800.0
Apartment,1791.6,,21.8,9.92,4.07,174400.0
Bungalow,1223.1,3.0,38.0,15.6,3.87,130300.0
Apartment,1236.4,1.0,25.0,1.88,1.67,147400.0
Bungalow,1270.4,,32.7,2.38,2.37,189700.0
Townhouse,1714.6,3.0,26.1,7.59,1.4,192500.0
Villa,1913.6,4.0,33.6,1.94,3.63,324700.0
Townhouse,1337.0,3.0,,,8.8,104600.0
Apartment,1863.2,3.0,10.9,3.45,4.05,230300.0
Townhouse,1549.4,3.0,6.8,15.68,2.11,161300.0
Apartment,1450.3,3.0,19.4,16.51,6.81,127400.0
Bungalow,1415.4,5.0,,6.23,9.97,214300.0
Villa,1798.6,1.0,9.1,1.99,3.09,237400.0
Apartment,1630.2,3.0,0.2,10.41,3.52,195000.0
Bungalow,2410.3,4.0,13.7,49.32,,166200.0
Bungalow,1159.1,4.0,,9.74,2.61,169200.0
Apartment,1707.2,2.0,27.8,0.5,5.6,169100.0
Apartment,1288.3,2.0,,0.5,3.16,176300.0
Bungalow,1152.3,4.0,7.7,3.86,9.39,183600.0
Bungalow,1495.7,1.0,14.2,2.18,,172900.0
Townhouse,1554.9,4.0,6.8,16.77,8.33,175400.0
Bungalow,2667.3,4.0,4.3,18.63,3.83,311800.0
Townhouse,1426.3,4.0,36.3,2.99,4.63,173100.0
Bungalow,,2.0,39.9,3.94,3.18,146300.0
Apartment,1609.2,4.0,6.6,2.7,9.02,180300.0
Apartment,670.1,3.0,2.2,23.9,9.23,50000.0
Bungalow,1463.2,4.0,13.2,6.98,4.77,202500.0
Bungalow,1506.4,1.0,18.5,10.68,6.91,156900.0
Apartment,1817.8,1.0,8.2,5.37,2.49,235000.0
Apartment,1889.4,3.0,12.1,9.97,4.91,192000.0
Townhouse,1298.6,2.0,8.0,4.88,6.68,141800.0
Villa,1439.8,3.0,31.0,4.15,4.47,273000.0
Villa,1193.6,5.0,28.5,10.06,4.22,255900.0
Villa,1048.8,3.0,25.4,8.94,1.01,200700.0
Apartment,1624.0,4.0,15.5,3.47,8.24,183400.0
Apartment,990.6,1.0,,1.62,9.0,60100.0
Apartment,1334.1,,38.8,4.6,9.73,136900.0
Apartment,1101.9,1.0,6.9,5.36,7.47,82200.0
Bungalow,1719.9,2.0,8.9,9.91,5.94,200000.0
Villa,2220.6,5.0,21.0,,3.42,315000.0
Bungalow,979.4,1.0,3.7,0.5,9.99,123300.0
Townhouse,758.8,3.0,17.5,2.79,6.31,96800.0
Apartment,1450.0,3.0,,2.15,7.13,142300.0
Bungalow,1506.3,5.0,20.9,6.98,7.14,196400.0
Villa,1587.5,2.0,13.2,5.62,8.61,202600.0
Townhouse,1321.5,2.0,21.7,13.06,1.09,117600.0
Apartment,1419.7,1.0,38.4,2.78,2.98,151800.0
Bungalow,1647.0,3.0,8.2,9.03,6.99,230000.0
Bungalow,,2.0,26.2,21.53,9.06,179700.0
Apartment,718.0,4.0,1.7,24.16,7.17,50000.0
Apartment,1352.4,3.0,2.7,31.89,4.72,78900.0
Bungalow,1585.5,3.0,22.1,14.84,4.25,198200.0
Bungalow,1132.8,3.0,4.2,23.64,7.64,103100.0
Apartment,,1.0,0.9,2.67,7.67,265000.0
Bungalow,1245.8,3.0,6.9,2.2,6.46,176600.0
Apartment,,,,,3.62,242600.0
Bungalow,1722.4,4.0,28.1,12.27,9.33,216000.0
Apartment,1263.5,4.0,8.1,27.72,5.97,105200.0
Townhouse,761.4,4.0,26.7,2.07,8.11,59100.0
Apartment,1328.5,2.0,7.3,10.13,2.93,152200.0
Apartment,1911.8,2.0,24.5,13.72,4.1,177100.0
Apartment,1365.2,1.0,,26.26,8.87,50000.0
Apartment,1161.4,2.0,26.2,,1.45,79600.0
Villa,,2.0,39.8,35.16,5.61,186500.0
Apartment,1367.7,3.0,37.5,4.23,5.34,147000.0
Bungalow,,3.0,0.2,,,150400.0
Apartment,1559.8,4.0,35.4,7.83,3.54,152400.0
Apartment,1808.3,4.0,2.7,4.84,2.97,249000.0
Apartment,2452.7,5.0,38.1,0.5,9.34,318800.0
Apartment,1830.9,1.0,11.3,13.16,6.15,158800.0
Apartment,1963.9,1.0,15.3,13.93,1.94,206500.0
Villa,1297.6,3.0,3.7,13.74,2.74,225000.0
Villa,1089.7,2.0,4.5,4.23,9.99,184800.0
Villa,1524.9,2.0,29.1,7.39,2.76,226900.0
Villa,1542.9,2.0,37.8,,6.49,205700.0
Villa,1068.6,2.0,24.4,0.5,4.78,242500.0
Apartment,1429.9,3.0,28.6,8.27,8.97,154200.0
Villa,1659.7,,30.5,1.32,,245900.0
Townhouse,1644.2,,10.5,,6.37,212200.0
Villa,1701.7,3.0,1.8,14.09,1.1,279600.0
Bungalow,1616.4,3.0,0.1,0.5,8.92,216300.0
Apartment,1297.2,2.0,14.0,31.94,5.0,50000.0
Bungalow,1294.4,2.0,9.7,7.24,9.38,148900.0
Bungalow,,2.0,2.5,40.76,5.46,50000.0
Villa,2213.9,4.0,7.2,0.6,7.25,379300.0
Townhouse,,4.0,5.0,8.76,1.62,203000.0
Apartment,1410.1,3.0,36.6,4.3,7.71,139000.0
Apartment,1128.5,2.0,5.6,18.55,4.04,99500.0
Bungalow,2674.3,3.0,21.5,4.48,4.16,354400.0
Bungalow,1070.7,3.0,23.7,3.02,,165700.0
Apartment,1328.5,3.0,21.7,19.49,2.32,115100.0
Apartment,1666.3,3.0,4.0,4.69,2.67,215100.0
Apartment,1740.1,3.0,12.8,0.5,3.95,210700.0
Apartment,1883.2,,2.1,4.95,9.03,225400.0
Bungalow,2223.0,4.0,15.8,10.63,4.31,268200.0
Villa,1702.5,2.0,7.5,2.94,7.52,263400.0
Apartment,1077.6,,22.5,5.66,1.74,156300.0
Apartment,1397.2,2.0,27.7,0.58,6.32,124100.0
Apartment,1623.1,1.0,21.3,8.87,5.34,109700.0
Apartment,2327.3,5.0,17.4,14.12,9.8,255300.0
Bungalow,940.9,5.0,15.5,5.33,8.62,115800.0
Townhouse,1981.0,1.0,33.7,5.45,5.09,173200.0
Bungalow,1572.0,,8.8,0.92,7.98,229700.0
Apartment,,2.0,29.4,2.26,2.74,203700.0
Townhouse,1459.2,,30.3,1.68,6.06,201400.0
Bungalow,1163.0,4.0,16.8,6.57,1.67,160700.0
Bungalow,1800.3,5.0,11.9,7.53,4.13,264100.0
Villa,1761.8,3.0,,29.75,3.03,233600.0
Apartment,1888.8,3.0,3.7,0.76,7.47,204200.0
Apartment,1494.7,3.0,,9.16,5.41,185000.0
Apartment,1260.1,2.0,4.5,7.48,7.76,125700.0
Apartment,876.5,5.0,7.5,7.26,5.64,89900.0
Apartment,1827.7,4.0,20.2,20.65,1.78,189400.0
Villa,1669.6,3.0,34.0,2.3,7.62,278700.0
Bungalow,,2.0,9.4,0.5,8.5,131600.0
Villa,1284.6,2.0,37.4,11.16,9.13,145900.0
Apartment,1313.3,1.0,38.2,4.23,,111800.0
Townhouse,906.8,4.0,38.4,0.5,,161200.0
Townhouse,1172.9,3.0,33.5,2.9,7.77,121500.0
Bungalow,1046.5,2.0,14.6,3.7,2.4,179000.0
Townhouse,1335.0,3.0,2.9,9.59,2.48,150000.0
Villa,1204.5,4.0,22.8,1.89,1.64,265200.0
Townhouse,849.2,2.0,,5.33,3.88,104700.0
Apartment,,4.0,34.0,6.59,,269100.0
Apartment,2001.0,4.0,39.8,6.15,9.98,205900.0
Apartment,1188.4,5.0,20.3,36.47,4.88,83100.0
Apartment,1609.0,3.0,,0.5,7.54,227300.0
Apartment,1667.0,2.0,7.4,30.15,7.24,102900.0
Bungalow,1976.4,3.0,0.2,8.72,2.84,254200.0
Bungalow,1172.6,2.0,20.4,15.88,1.53,123000.0
Villa,1936.8,2.0,22.2,5.63,5.91,341200.0
Apartment,1280.8,3.0,33.0,6.05,7.3,127500.0
Bungalow,965.7,3.0,20.2,21.15,9.98,55500.0
Bungalow,1789.7,4.0,36.7,22.63,4.23,168700.0
Apartment,,1.0,25.1,2.73,9.07,153400.0
Bungalow,2535.2,3.0,33.6,2.22,4.44,335300.0
Apartment,1020.1,,5.9,6.86,7.2,133200.0
Apartment,1779.6,4.0,34.2,23.05,6.38,143800.0
Townhouse,1336.1,4.0,27.0,3.89,1.48,188900.0
Apartment,1813.3,4.0,,10.56,1.71,202300.0
Villa,911.8,5.0,7.6,12.32,1.19,221600.0
Townhouse,994.9,2.0,37.1,15.08,4.34,77900.0
Bungalow,1189.7,,1.3,8.3,7.71,140700.0
Apartment,1531.6,1.0,18.5,5.15,2.55,187700.0
Apartment,1243.6,1.0,12.5,34.12,6.45,50000.0
Apartment,1763.6,,26.6,9.45,3.6,181300.0
Bungalow,1910.8,2.0,33.6,13.04,8.17,207700.0
Villa,1739.8,2.0,14.4,4.23,8.19,264600.0
Apartment,2147.5,2.0,17.1,11.09,7.98,200200.0
Townhouse,1666.3,,39.3,2.98,5.72,134900.0
Villa,1013.2,5.0,31.4,2.81,3.56,265400.0
Apartment,2045.4,1.0,35.9,12.54,8.28,158400.0
Villa,1257.9,4.0,17.6,7.37,2.67,260100.0
Bungalow,1864.2,2.0,9.4,11.5,3.61,233500.0
Apartment,2129.5,5.0,16.5,3.14,2.66,279700.0
Apartment,1682.7,4.0,28.6,9.13,7.07,178000.0
Bungalow,901.5,3.0,4.4,5.87,,151300.0
Villa,1132.7,3.0,10.8,9.09,6.87,178400.0
Villa,2029.1,1.0,1.9,,4.74,350800.0
Villa,1432.4,5.0,17.3,12.57,1.9,258000.0
Apartment,1531.8,4.0,,16.4,9.2,107700.0
Apartment,1803.5,4.0,1.0,3.01,5.57,237300.0
Villa,1778.5,3.0,27.0,3.58,4.66,339700.0
Apartment,1611.5,2.0,37.3,10.82,6.3,98900.0
Apartment,1416.5,4.0,9.5,11.89,2.74,165800.0
Bungalow,1374.9,2.0,27.7,12.18,2.19,165400.0
Townhouse,1843.2,3.0,39.0,11.48,4.65,194300.0
Bungalow,1721.4,1.0,38.5,4.99,3.04,202800.0
Townhouse,1397.1,5.0,9.4,5.02,3.2,195700.0
Apartment,1932.8,2.0,4.0,2.94,9.03,193000.0
Townhouse,1448.4,,5.9,1.71,5.78,169600.0
Apartment,,3.0,,11.8,5.35,80700.0
Townhouse,1196.4,4.0,29.0,0.98,,156400.0
Townhouse,,3.0,,27.77,9.56,50000.0
Bungalow,1391.0,2.0,13.4,17.53,2.01,140200.0
Townhouse,1993.5,1.0,6.8,19.48,8.5,164800.0
Villa,1178.0,4.0,23.2,23.72,6.26,137100.0
Apartment,1575.4,5.0,,5.25,,214800.0
Villa,1237.3,4.0,29.2,18.75,3.67,249300.0
Villa,1395.9,3.0,17.7,1.72,5.34,235400.0
Apartment,896.0,5.0,13.5,0.5,7.22,161100.0
Bungalow,1411.8,3.0,11.7,,,170800.0
Townhouse,1422.5,3.0,8.5,0.78,5.81,173800.0
Apartment,1716.1,3.0,10.6,44.68,7.16,50000.0
Bungalow,1589.3,3.0,3.8,11.23,5.04,202800.0
Townhouse,1020.6,4.0,13.9,14.0,8.77,127500.0
Townhouse,1933.7,3.0,1.5,2.82,8.83,224700.0
Townhouse,1584.1,2.0,7.5,11.2,5.24,160200.0
Villa,,2.0,29.9,0.5,9.76,264200.0
Townhouse,1496.3,1.0,13.0,18.19,1.68,133600.0
Bungalow,,3.0,26.7,1.86,1.03,165700.0
Apartment,1587.1,2.0,,11.95,4.43,144500.0
Villa,1690.2,2.0,23.2,2.54,6.41,298200.0
Bungalow,801.2,3.0,38.3,0.71,6.66,112500.0
Apartment,1284.5,3.0,,6.57,5.29,93000.0
Bungalow,1398.0,4.0,29.5,1.85,2.12,226700.0
Bungalow,1602.5,3.0,38.4,13.07,,184800.0
Apartment,1977.3,4.0,,2.71,8.67,190600.0
Villa,1191.3,5.0,6.7,4.19,,213200.0
Bungalow,1300.8,,13.1,8.38,7.07,195600.0
Villa,1295.0,3.0,6.9,3.35,6.98,224300.0
Apartment,1179.4,2.0,24.1,4.75,6.38,91600.0
Apartment,1361.1,5.0,28.5,16.91,2.83,151300.0
Apartment,1808.3,2.0,,,4.85,192500.0
Townhouse,1078.5,2.0,21.6,0.86,7.26,119000.0
Apartment,1671.1,3.0,27.6,3.98,5.84,182400.0
Bungalow,819.2,1.0,16.9,5.52,1.17,79600.0
Apartment,1275.5,5.0,34.2,7.82,9.58,129000.0
Apartment,1368.2,3.0,30.9,4.66,8.6,144200.0
Bungalow,2169.9,3.0,2.6,15.6,3.34,264800.0
Bungalow,1390.1,3.0,24.8,0.5,6.55,190100.0
Apartment,619.5,3.0,9.4,5.65,,89200.0
Villa,700.4,1.0,22.3,4.82,1.86,160600.0
Apartment,1513.6,3.0,38.3,10.43,5.53,161100.0
Villa,1745.5,4.0,35.2,33.9,5.11,206400.0
Bungalow,1650.2,3.0,16.2,7.14,4.69,219100.0
Apartment,1567.0,4.0,11.7,43.33,8.52,59500.0
Apartment,1964.9,2.0,9.4,3.6,4.43,238100.0
Apartment,1284.2,2.0,21.3,0.5,1.57,153500.0
Townhouse,1858.0,2.0,4.6,1.81,1.59,243300.0
Townhouse,,3.0,22.0,5.03,1.38,118300.0
Apartment,1138.0,4.0,0.1,3.8,4.68,156000.0
Bungalow,,4.0,13.0,1.02,7.47,192600.0
Apartment,1390.1,3.0,8.8,5.67,2.83,155700.0
Apartment,1481.5,3.0,38.8,4.13,6.82,140200.0
Bungalow,1545.6,,29.1,1.31,7.18,232200.0
Townhouse,1524.8,2.0,14.0,3.51,3.3,170300.0
Townhouse,,2.0,3.7,21.75,6.41,66900.0
Villa,1423.9,5.0,20.7,3.6,,254300.0
Apartment,901.0,3.0,8.5,12.52,5.2,90300.0
Bungalow,2045.3,5.0,21.5,9.47,4.03,295200.0
Apartment,,2.0,33.4,5.57,6.57,119400.0
Villa,1304.4,4.0,24.6,2.73,9.8,251100.0
Apartment,2135.6,2.0,25.4,4.6,4.84,193200.0
Bungalow,1003.1,2.0,21.6,8.97,4.53,100400.0
Apartment,1049.8,3.0,37.1,4.32,5.18,105300.0
Apartment,1061.5,2.0,,2.42,1.69,91300.0
Townhouse,1472.9,2.0,20.5,1.24,5.98,133900.0
Apartment,1672.7,2.0,12.2,21.18,3.96,129100.0
Villa,1795.9,1.0,18.4,5.8,2.09,289400.0
Apartment,2528.8,4.0,7.5,9.81,5.2,325100.0
Apartment,,3.0,25.5,6.74,1.03,59000.0
Apartment,1743.5,1.0,20.0,20.6,4.62,138600.0
Apartment,1277.1,2.0,4.1,7.92,1.95,152400.0
Townhouse,1265.4,,7.9,6.55,1.22,177700.0
Apartment,1252.1,3.0,19.2,25.85,8.42,57400.0
Townhouse,1136.5,1.0,35.5,12.72,9.25,50000.0
Villa,2173.8,4.0,22.7,1.18,2.87,375900.0
Villa,1836.9,1.0,27.3,1.96,5.85,252200.0
Villa,1509.3,2.0,13.6,15.47,3.5,209400.0
Villa,2040.4,4.0,22.9,18.07,5.44,291400.0
Bungalow,895.0,4.0,,7.88,4.93,128300.0
Apartment,967.7,1.0,26.4,8.08,3.42,72800.0
Apartment,628.8,4.0,2.0,9.99,7.3,79300.0
Townhouse,1220.2,,19.7,5.78,2.14,148300.0
Townhouse,1564.7,4.0,11.8,11.4,1.48,209700.0
Townhouse,1541.1,3.0,13.0,1.15,7.91,188600.0
Villa,1559.7,3.0,38.4,32.51,,186200.0
Bungalow,935.6,5.0,7.3,13.87,5.49,136300.0
Villa,1821.3,2.0,12.4,9.97,5.21,270000.0
Villa,1595.9,3.0,20.4,3.8,,265500.0
Apartment,1793.2,3.0,34.5,1.75,4.93,204700.0
Villa,742.9,1.0,16.7,5.27,4.54,126200.0
Apartment,1624.6,1.0,29.8,10.83,,112900.0
Apartment,,2.0,34.3,10.04,5.76,88200.0
Townhouse,1341.1,3.0,12.4,4.82,7.23,134700.0
Apartment,1713.7,3.0,15.7,9.5,7.4,168300.0
Apartment,1536.4,3.0,14.3,16.81,4.4,164500.0
Apartment,1159.4,,33.3,0.5,4.72,100000.0
Townhouse,1502.5,3.0,1.8,5.99,4.36,205600.0
Villa,887.4,5.0,12.3,14.21,5.83,177600.0
Villa,,3.0,27.2,7.9,5.08,281600.0
Bungalow,1417.9,3.0,22.6,10.54,9.01,124300.0
Bungalow,1947.4,4.0,17.5,7.27,,280300.0
Apartment,1289.4,,21.6,48.13,9.09,50000.0
Bungalow,1290.6,3.0,7.9,0.56,7.38,199700.0
Bungalow,1194.3,4.0,17.2,6.75,9.74,135500.0
Bungalow,1850.5,,20.1,0.96,6.72,273600.0
Apartment,1216.2,4.0,36.0,1.74,9.67,178200.0
Townhouse,1757.8,2.0,10.4,4.83,,177800.0
Villa,1347.0,2.0,34.7,,,221600.0
Apartment,709.6,1.0,25.8,33.16,6.21,50000.0
Villa,1271.9,4.0,0.8,,9.85,175100.0
Apartment,1028.4,3.0,29.0,4.1,4.76,128100.0
Apartment,1513.6,2.0,1.4,10.21,2.91,147200.0
Bungalow,1023.8,2.0,39.9,7.63,5.69,147000.0
Apartment,,5.0,34.9,,6.84,196300.0
Villa,1463.6,4.0,11.9,9.87,3.84,240400.0
Villa,1429.0,3.0,10.3,0.5,7.43,255000.0
Apartment,1762.4,3.0,15.3,14.4,9.78,132400.0
Townhouse,1885.6,3.0,14.2,13.74,9.07,218500.0
Apartment,,3.0,14.9,7.13,3.62,157500.0
Apartment,1191.5,5.0,12.7,23.32,3.94,125800.0
Apartment,790.4,2.0,24.8,23.91,4.34,50000.0
Apartment,1225.6,3.0,6.6,7.42,4.55,126000.0
Apartment,,2.0,33.8,9.36,1.9,79600.0
Bungalow,1542.8,3.0,32.5,,7.86,64400.0
Townhouse,1361.9,3.0,19.1,3.55,4.29,197100.0
Apartment,1775.2,3.0,34.1,3.92,8.92,165200.0
Bungalow,1254.8,2.0,9.9,2.02,9.34,121300.0
Bungalow,1477.2,3.0,0.7,22.62,1.22,185200.0
Bungalow,1973.6,2.0,24.8,13.64,9.9,161000.0
Villa,1636.7,2.0,18.3,1.12,7.39,288700.0
Apartment,1476.0,1.0,22.7,40.05,5.68,50000.0
Apartment,1259.2,4.0,36.0,13.13,4.51,103600.0
Bungalow,1246.7,3.0,38.8,19.01,5.67,120500.0
Bungalow,1159.8,3.0,25.4,0.5,3.92,153500.0
Apartment,1283.6,4.0,30.6,7.03,6.6,127100.0
Apartment,1802.3,3.0,3.4,11.99,1.84,213300.0
Townhouse,1411.2,3.0,6.4,7.83,6.59,112700.0
Bungalow,960.1,3.0,29.3,10.99,3.48,151500.0
Townhouse,2207.3,3.0,17.3,17.03,1.16,246400.0
Bungalow,1628.0,3.0,,4.69,,187700.0
Apartment,937.2,3.0,12.3,,6.21,50000.0
Villa,1323.3,4.0,24.3,1.78,4.84,281800.0
Bungalow,1544.4,4.0,7.4,3.16,1.65,257600.0
Apartment,2181.8,2.0,25.1,0.5,9.04,259300.0
Villa,,2.0,7.0,4.53,6.5,180100.0
Bungalow,1890.4,3.0,2.6,4.78,2.04,274000.0
Apartment,2059.8,,,16.36,5.6,197600.0
Bungalow,1248.5,1.0,,10.59,5.48,140400.0
Villa,1389.0,4.0,35.6,5.74,1.54,288000.0
Townhouse,1085.5,2.0,2.2,10.56,6.46,87300.0
Apartment,1418.6,5.0,7.1,0.54,8.27,194700.0
Apartment,,4.0,21.9,1.99,,168200.0
Bungalow,1763.9,4.0,19.2,9.86,2.83,240100.0
Apartment,1936.1,2.0,1.8,10.25,8.76,199600.0
Bungalow,1200.8,2.0,0.3,14.88,,99900.0
Bungalow,713.1,3.0,,5.16,9.52,99400.0
Apartment,1491.5,2.0,26.4,12.82,1.65,117900.0
Villa,1617.4,2.0,14.6,11.52,5.38,234600.0
Villa,1599.8,2.0,18.8,33.08,6.37,192700.0
Apartment,1369.3,2.0,10.7,2.42,3.23,165300.0
Townhouse,1549.9,2.0,13.8,,7.94,160100.0
Bungalow,2106.2,4.0,26.0,9.21,6.64,241900.0
Bungalow,1652.7,2.0,35.3,50.0,1.16,55200.0
Bungalow,1350.7,1.0,7.4,2.25,6.48,179500.0
Villa,1299.9,3.0,,7.41,5.42,208500.0
Townhouse,1432.1,5.0,4.9,4.25,2.76,210700.0
Bungalow,2154.7,2.0,8.6,7.46,9.96,261300.0
Bungalow,,2.0,1.5,2.64,9.07,155300.0
Townhouse,1492.1,3.0,5.6,0.5,3.63,210600.0
Apartment,1307.1,5.0,36.7,8.5,5.87,155400.0
Bungalow,1939.6,4.0,18.4,4.09,3.85,275800.0
Apartment,2283.9,3.0,3.1,2.01,7.98,259200.0
Apartment,1680.2,2.0,38.4,3.91,,141600.0
Apartment,1533.1,3.0,35.2,0.51,4.23,161400.0
Townhouse,1514.7,1.0,30.2,30.05,8.25,68200.0
Townhouse,546.3,3.0,37.3,8.7,5.49,50000.0
Bungalow,1798.1,4.0,8.8,16.86,4.57,241900.0
Bungalow,1553.7,5.0,33.5,5.5,9.45,205900.0
Villa,1671.3,2.0,27.6,23.36,,183100.0
Townhouse,1215.4,1.0,34.8,6.6,5.21,98100.0
Villa,1346.2,,31.9,8.53,7.05,208600.0
Apartment,1335.6,4.0,13.9,6.77,3.35,189800.0
Apartment,1908.6,4.0,31.0,13.22,3.92,200800.0
Bungalow,1348.5,2.0,10.5,8.36,9.39,138400.0
Bungalow,2333.1,2.0,13.1,3.17,7.11,313700.0
Apartment,1672.3,3.0,4.3,1.57,8.44,205200.0
Apartment,989.7,2.0,37.4,9.32,,111600.0
Bungalow,1448.6,4.0,11.6,6.72,5.89,229500.0
Apartment,1239.3,3.0,20.8,1.01,9.74,113600.0
Bungalow,622.2,,15.7,5.04,3.87,136000.0
Townhouse,2139.8,3.0,38.4,7.23,2.44,281600.0
Villa,1781.3,4.0,13.4,17.54,5.6,302700.0
Apartment,1713.3,2.0,31.1,0.79,4.49,209500.0
Bungalow,1566.2,4.0,34.2,4.28,2.44,247600.0
Bungalow,947.2,2.0,17.4,17.3,9.0,61000.0
Villa,1306.6,3.0,15.1,10.45,9.92,186500.0
Townhouse,1836.7,2.0,29.9,3.42,6.12,193700.0
Apartment,1079.5,3.0,36.5,18.66,7.97,50000.0
Villa,487.3,2.0,30.2,6.8,8.73,124900.0
Bungalow,1409.2,2.0,9.1,6.9,7.31,158900.0
Townhouse,1443.3,5.0,35.5,37.54,1.4,138100.0
Apartment,1554.2,2.0,,29.4,2.42,76200.0
Bungalow,1791.4,4.0,23.0,4.44,1.64,285200.0
Villa,1755.0,5.0,33.3,1.51,1.09,330200.0
Apartment,1603.5,1.0,7.5,3.94,3.75,141200.0
Apartment,1978.2,3.0,31.4,0.5,4.53,269600.0
Townhouse,892.4,2.0,23.8,,3.17,133200.0
Apartment,1701.8,1.0,,5.03,1.58,174200.0
Apartment,1750.6,3.0,6.9,28.31,5.77,134300.0
Apartment,1004.2,5.0,16.8,20.51,3.46,110500.0
Townhouse,898.9,1.0,33.3,7.16,8.16,56000.0
Bungalow,1201.6,3.0,0.8,8.33,1.07,163700.0
Bungalow,1235.4,3.0,4.5,0.5,8.58,166900.0
Apartment,1801.4,4.0,39.6,2.43,9.59,239900.0
Bungalow,1254.2,1.0,11.2,0.5,7.45,202000.0
Villa,1157.5,3.0,39.0,14.05,7.6,203100.0
Bungalow,1255.3,3.0,7.3,1.57,9.4,179200.0
Townhouse,1947.5,3.0,14.4,20.33,2.88,192200.0
Apartment,1505.2,5.0,30.1,10.31,9.95,143900.0
Bungalow,1428.3,4.0,26.3,2.61,7.96,183900.0
Apartment,1456.0,1.0,23.2,1.72,7.54,121700.0
Villa,2016.8,3.0,21.2,9.88,4.25,352800.0
Apartment,1200.3,3.0,33.7,23.11,5.91,105300.0
Apartment,2026.2,2.0,9.4,12.67,6.89,207800.0
Apartment,1584.2,3.0,17.7,4.29,6.58,157900.0
Bungalow,1435.8,3.0,6.2,8.85,7.34,196100.0
Apartment,2500.4,3.0,23.8,3.72,1.74,300300.0
Bungalow,1077.7,5.0,10.0,50.0,4.2,50000.0
Villa,1358.5,,13.4,13.82,4.91,196000.0
Apartment,1007.0,5.0,18.9,9.53,3.35,117600.0
Bungalow,1881.0,3.0,1.1,5.5,2.55,247300.0
Apartment,2175.7,3.0,3.7,9.63,2.25,251300.0
Villa,2168.0,4.0,,4.18,4.3,346800.0
Bungalow,1989.6,3.0,17.2,0.5,5.44,271200.0
Apartment,1421.0,3.0,34.6,5.03,,165200.0
Apartment,1353.9,3.0,27.8,26.66,9.52,50000.0
Apartment,831.5,3.0,,9.84,7.89,104000.0
Townhouse,2314.3,5.0,24.7,0.88,7.58,287700.0
Bungalow,1687.6,4.0,3.7,21.63,,186500.0
Bungalow,1303.2,2.0,31.2,3.13,6.43,149100.0
Bungalow,2031.2,2.0,39.7,2.79,5.77,240300.0
Apartment,1110.9,3.0,21.2,3.53,9.84,136900.0
Villa,1662.6,1.0,27.3,8.61,,229500.0
Bungalow,1430.9,3.0,9.5,7.87,6.18,195000.0
Apartment,1755.5,2.0,17.5,6.76,8.66,172500.0
Apartment,1474.6,3.0,34.2,12.64,2.4,152000.0
Apartment,919.6,1.0,6.7,3.81,,102200.0
Villa,1530.2,2.0,10.6,15.24,,175100.0
Townhouse,1919.5,3.0,17.8,1.93,1.88,248100.0
Apartment,,3.0,28.5,15.26,,168700.0
Villa,1810.0,5.0,15.0,10.9,7.7,380000.0
Apartment,1081.8,4.0,37.1,11.5,3.43,89000.0
Townhouse,1489.5,3.0,3.8,6.57,6.66,184000.0
Apartment,1250.2,1.0,14.8,11.0,9.26,66200.0
Villa,1798.8,4.0,28.4,0.83,3.85,364700.0
Bungalow,1512.6,5.0,9.0,19.08,2.95,175900.0
Bungalow,1776.0,4.0,26.3,0.57,1.96,282900.0
Villa,1935.1,2.0,6.6,1.61,2.17,297300.0
Apartment,1776.6,5.0,2.2,8.6,1.56,238700.0
Apartment,1609.2,2.0,,13.45,1.79,162500.0
Apartment,1100.7,4.0,37.2,0.79,4.89,162900.0
Apartment,1498.9,5.0,22.1,25.35,3.89,120700.0
Villa,1286.8,2.0,31.9,,7.36,123200.0
Apartment,1362.4,5.0,13.3,,8.83,159000.0
Apartment,1350.2,2.0,23.7,6.56,8.06,123700.0
Bungalow,1108.0,5.0,19.8,13.52,5.78,173500.0
Townhouse,717.1,2.0,37.8,3.98,1.92,51900.0
Bungalow,1232.7,5.0,29.9,6.8,7.39,194200.0
Apartment,,,29.2,24.79,4.27,76900.0
Apartment,960.7,4.0,1.9,31.16,1.77,85700.0
Townhouse,1506.3,3.0,22.0,26.18,8.58,108600.0
Apartment,,3.0,18.7,3.04,4.04,267400.0
Apartment,1909.2,2.0,37.1,2.65,2.96,199000.0
Villa,2157.4,4.0,10.3,3.53,8.84,364300.0
Bungalow,1656.5,2.0,10.8,5.82,9.12,214700.0
Bungalow,1967.0,3.0,16.5,3.77,4.05,254600.0
Apartment,1210.4,2.0,9.7,4.69,4.19,106900.0
Apartment,1242.3,5.0,5.2,9.69,6.22,171400.0
Townhouse,,1.0,34.3,14.38,7.6,50000.0
Apartment,1974.5,2.0,22.3,13.3,1.57,173500.0
Bungalow,2116.1,,34.5,16.84,6.34,189500.0
Bungalow,1278.7,3.0,33.2,0.5,,153700.0
Bungalow,1398.4,2.0,11.3,,3.36,170500.0
Apartment,1198.5,3.0,21.9,15.58,9.18,50000.0
Apartment,1653.1,4.0,3.3,,9.55,163000.0
Villa,1950.0,4.0,36.6,8.63,3.42,329000.0
Townhouse,802.9,3.0,16.2,0.54,7.79,75000.0
Townhouse,1663.8,1.0,,2.95,3.15,178600.0
Apartment,1389.3,3.0,12.1,10.17,7.64,173500.0
Apartment,1545.4,2.0,18.4,19.6,8.18,103700.0
Townhouse,1683.6,4.0,10.1,24.89,3.22,176300.0
Bungalow,,2.0,,6.94,7.44,144000.0
Townhouse,,3.0,,7.89,8.31,190400.0
Apartment,1414.4,3.0,33.4,17.9,4.23,106600.0
Villa,1888.1,4.0,12.2,7.71,2.51,322700.0
Bungalow,1667.5,,,7.27,1.83,237900.0
Bungalow,1588.2,3.0,35.0,23.55,6.18,139100.0
Villa,,2.0,2.1,15.6,9.8,142900.0
Apartment,1348.6,4.0,35.6,23.98,8.41,82800.0
Villa,,,8.8,2.46,4.92,341200.0
Apartment,1515.1,3.0,27.1,7.43,5.83,165100.0
Villa,1763.8,3.0,23.3,18.48,3.52,266500.0
Townhouse,2206.6,5.0,22.1,1.18,2.47,302500.0
Apartment,1915.4,3.0,,15.83,5.34,163500.0
Bungalow,1537.3,,4.1,2.02,5.17,208500.0
Apartment,1295.6,3.0,13.9,16.51,5.7,83200.0
Bungalow,478.6,3.0,21.5,9.47,9.58,50000.0
Townhouse,,2.0,32.5,2.15,,159400.0
Apartment,1369.6,,8.7,,6.45,183700.0
Apartment,1656.1,3.0,32.1,11.45,2.15,192200.0
Villa,1438.4,1.0,16.0,10.05,9.97,141900.0
Apartment,1371.8,4.0,7.6,,7.96,157400.0
Bungalow,788.2,3.0,30.4,22.96,8.89,50000.0
Townhouse,1124.0,2.0,3.6,7.32,4.73,125100.0
Villa,1690.7,3.0,20.6,7.05,5.52,266000.0
Apartment,2186.4,4.0,2.6,0.64,5.7,298200.0
Villa,1461.0,4.0,14.3,25.53,,220200.0
Bungalow,,5.0,24.0,1.95,7.21,206100.0
Apartment,1881.0,4.0,22.2,7.52,9.13,186200.0
Villa,1175.6,1.0,16.2,16.27,2.47,169400.0
Bungalow,1646.7,3.0,17.2,2.43,1.78,241400.0
Bungalow,1203.8,4.0,9.1,7.49,7.64,138800.0
Apartment,1845.9,3.0,18.2,2.75,3.46,194600.0
Bungalow,1560.6,3.0,38.1,14.26,6.61,165100.0
Apartment,,3.0,34.0,8.31,7.26,130300.0
Apartment,1187.0,3.0,5.8,19.38,,67400.0
Townhouse,1782.8,5.0,1.2,22.5,8.34,178600.0
Bungalow,2333.9,3.0,37.3,,5.95,261500.0
Apartment,1096.8,3.0,21.1,12.92,8.82,64500.0
Apartment,1364.1,5.0,21.5,7.97,7.87,148500.0
Apartment,1592.6,3.0,31.2,4.85,8.82,161000.0
Apartment,1814.6,2.0,12.6,10.44,1.18,181000.0
Apartment,1276.2,3.0,19.3,23.89,3.19,95500.0
Apartment,400.0,4.0,38.7,5.39,1.81,50000.0
Villa,2043.7,4.0,26.9,3.77,4.98,343900.0
Bungalow,1804.2,4.0,6.1,4.92,9.01,260200.0
Bungalow,,4.0,5.3,5.72,5.21,152500.0
Bungalow,1257.0,2.0,8.2,0.76,8.65,185600.0
Apartment,2127.3,4.0,30.7,,3.94,270200.0
Townhouse,2079.1,4.0,11.8,6.82,4.06,271700.0
Bungalow,,2.0,0.9,8.88,9.06,203100.0
Bungalow,1429.6,2.0,37.8,4.51,4.83,162000.0
Bungalow,,5.0,6.8,9.5,8.11,197100.0
Townhouse,1447.6,4.0,,21.06,3.13,157900.0
Villa,1951.3,4.0,9.5,,9.54,251800.0
Apartment,1149.7,4.0,9.4,8.76,6.17,117800.0
Bungalow,1177.7,3.0,16.9,0.5,7.83,164300.0
Bungalow,1904.1,3.0,36.8,34.81,1.81,149900.0
Bungalow,1482.3,3.0,35.2,12.24,5.43,171000.0
Villa,2051.4,1.0,18.3,4.09,9.11,272300.0
Apartment,1231.4,4.0,16.4,1.59,,134400.0
Apartment,,3.0,22.2,1.55,1.42,177300.0
Townhouse,1131.0,3.0,9.7,1.84,3.73,165500.0
Villa,1502.9,3.0,2.1,0.5,4.99,280900.0
Villa,908.6,,37.6,23.24,2.55,126700.0
Apartment,1304.9,2.0,7.5,,7.57,124400.0
Apartment,925.5,2.0,7.9,12.04,2.66,72100.0
Townhouse,1777.6,2.0,18.9,17.61,,187100.0
Bungalow,1786.6,2.0,19.7,15.68,6.97,160100.0
Bungalow,807.9,5.0,0.7,21.42,5.34,102200.0
Villa,2033.6,2.0,5.9,34.19,,189800.0
Bungalow,2499.0,2.0,15.1,5.78,9.65,279500.0
Apartment,1518.4,3.0,27.3,30.02,2.05,71700.0
Bungalow,1243.6,3.0,9.1,12.85,7.39,156500.0
Villa,2629.7,2.0,16.9,0.73,3.07,418000.0
Villa,972.4,4.0,22.3,11.45,4.73,208000.0
Bungalow,1508.0,4.0,,11.61,1.3,203800.0
Townhouse,1571.8,2.0,13.0,23.63,2.22,114700.0
Apartment,2038.1,,5.3,4.67,3.88,216400.0
Bungalow,1643.9,5.0,19.6,8.79,4.08,270400.0
Apartment,1300.5,4.0,29.9,0.5,9.1,181900.0
Villa,1119.5,3.0,4.4,4.04,7.68,216800.0
Apartment,1363.3,1.0,17.0,0.64,9.75,108900.0
Apartment,1097.2,3.0,0.7,7.38,6.39,146000.0
Villa,1519.1,3.0,1.3,17.01,3.18,229000.0
Apartment,1274.3,2.0,19.3,2.31,3.95,145100.0
Villa,902.4,3.0,11.9,7.5,3.88,216400.0
Townhouse,2002.1,3.0,33.8,2.28,3.94,229000.0
Apartment,,2.0,24.1,1.29,7.06,148500.0
Bungalow,992.7,,18.2,7.15,5.78,155900.0
Villa,1432.7,4.0,16.3,0.82,4.47,282600.0
Bungalow,,2.0,19.9,8.85,,167500.0
Apartment,801.4,4.0,1.6,,1.2,124600.0
Apartment,1632.7,2.0,35.7,1.13,2.97,188600.0
Apartment,1081.1,4.0,39.9,7.99,1.97,99500.0
Apartment,2184.4,,7.3,8.95,8.07,222000.0
Apartment,1709.6,1.0,4.8,0.5,2.01,209000.0
Bungalow,1340.0,3.0,5.7,8.52,7.52,187000.0
Townhouse,1201.9,3.0,26.4,18.23,4.47,75500.0
Bungalow,1458.0,5.0,,12.81,1.66,238000.0
Bungalow,1745.1,3.0,33.9,1.41,8.31,253900.0
Apartment,1489.8,2.0,,8.98,6.22,140100.0
Apartment,1413.1,3.0,18.0,11.16,3.12,128900.0
Apartment,1523.3,3.0,24.5,,9.05,161300.0
Apartment,1258.5,2.0,,19.33,1.41,92700.0
Villa,1362.7,3.0,20.5,23.67,2.82,201400.0
Villa,665.7,4.0,19.0,19.0,7.77,122700.0
Apartment,1889.5,4.0,25.8,17.41,7.38,187700.0
Apartment,1619.5,5.0,22.3,13.66,3.6,191000.0
Bungalow,1190.6,2.0,25.8,10.04,1.56,148900.0
Bungalow,2259.5,4.0,24.5,11.35,8.72,260700.0
Apartment,1534.8,,28.8,16.42,,133500.0
Townhouse,1085.5,3.0,,10.86,2.76,107300.0
Townhouse,1842.7,3.0,,3.97,5.64,259600.0
Apartment,,5.0,27.3,4.72,9.19,228800.0
Apartment,1657.8,4.0,18.0,22.74,1.39,177300.0
Villa,1329.7,5.0,9.7,0.5,,303200.0
Townhouse,1680.2,4.0,0.1,12.0,6.15,216900.0
Townhouse,1395.3,5.0,22.4,,4.83,122700.0
Apartment,1722.4,4.0,23.6,12.25,7.7,147200.0
Apartment,738.0,3.0,38.9,50.0,9.69,50000.0
